ID_Commande,ID_Produit,Produit,Prix,Quantite,Remise,Categorie,Date
1001,212,Chargeur USB-C,27.46,2,10,Accessoire,2025-05-19
1002,210,Webcam Logitech,82.49,2,0,Peripherique,2025-06-20
1003,211,Casque Bose,300.89,4,10,Audio,2025-06-04
1004,212,Chargeur USB-C,27.22,5,0,Accessoire,2025-05-12
1005,210,Webcam Logitech,73.96,5,0,Peripherique,2025-05-10
1006,213,Hub USB,49.72,3,5,Accessoire,2025-08-18
1007,213,Hub USB,51.39,1,25,Accessoire,2026-04-02
1008,204,Montre Apple Watch,390.69,3,5,Wearable,2026-04-17
1009,202,Ecouteurs Sony,139.31,1,20,Audio,2025-12-04
1010,214,Tapis de souris XL,23.56,2,0,Accessoire,2026-03-08
1011,202,Ecouteurs Sony,159.57,5,0,Audio,2025-11-26
1012,206,Souris Razer,56.03,4,0,Peripherique,2025-10-11
1013,200,Smartphone Samsung,600.71,5,0,Mobile,2025-04-08
1014,206,Souris Razer,60.0,1,5,Peripherique,2025-07-03
1015,209,Disque SSD 1TB,126.09,3,25,Stockage,2025-06-25
1016,202,Ecouteurs Sony,156.22,2,0,Audio,2026-02-14
1017,212,Chargeur USB-C,27.63,3,20,Accessoire,2025-11-30
1018,200,Smartphone Samsung,630.06,1,0,Mobile,2026-03-12
1019,209,Disque SSD 1TB,114.21,1,10,Stockage,2025-09-11
1020,200,Smartphone Samsung,658.88,4,20,Mobile,2026-02-15
1021,200,Smartphone Samsung,659.15,1,20,Mobile,2025-08-28
1022,200,Smartphone Samsung,554.15,5,5,Mobile,2025-04-29
1023,206,Souris Razer,61.53,5,25,Peripherique,2025-07-26
1024,202,Ecouteurs Sony,148.55,1,10,Audio,2025-10-29
1025,213,Hub USB,48.37,4,15,Accessoire,2025-09-01
1026,210,Webcam Logitech,81.97,4,10,Peripherique,2025-10-11
1027,206,Souris Razer,63.37,3,10,Peripherique,2025-04-05
1028,205,Clavier Logitech,83.16,1,15,Peripherique,2025-12-22
1029,207,Ecran LG 27,324.97,4,5,Affichage,2026-03-09
1030,214,Tapis de souris XL,23.03,1,10,Accessoire,2025-07-08
1031,204,Montre Apple Watch,391.69,4,10,Wearable,2025-04-01
1032,213,Hub USB,54.7,4,0,Accessoire,2025-06-13
1033,213,Hub USB,53.15,5,10,Accessoire,2026-03-12
1034,207,Ecran LG 27,382.28,2,5,Affichage,2026-04-28
1035,210,Webcam Logitech,78.47,2,15,Peripherique,2025-07-13
1036,214,Tapis de souris XL,27.01,3,5,Accessoire,2025-08-19
1037,206,Souris Razer,59.94,5,0,Peripherique,2026-02-03
1038,210,Webcam Logitech,87.74,5,5,Peripherique,2026-02-14
1039,205,Clavier Logitech,85.64,4,10,Peripherique,2025-05-31
1040,200,Smartphone Samsung,560.35,1,25,Mobile,2025-11-03
1041,212,Chargeur USB-C,31.57,4,0,Accessoire,2025-07-11
1042,212,Chargeur USB-C,29.92,3,20,Accessoire,2026-03-20
1043,212,Chargeur USB-C,27.1,4,0,Accessoire,2025-07-10
1044,206,Souris Razer,62.03,1,5,Peripherique,2025-07-30
1045,203,Tablette iPad,756.69,5,10,Mobile,2026-02-02
1046,202,Ecouteurs Sony,137.31,5,15,Audio,2025-04-14
1047,208,Imprimante HP,202.13,2,10,Informatique,2025-09-05
1048,200,Smartphone Samsung,628.05,5,0,Mobile,2025-07-20
1049,202,Ecouteurs Sony,160.5,5,25,Audio,2026-01-25
1050,201,Laptop Dell,1300.72,5,10,Informatique,2026-01-12
1051,206,Souris Razer,63.0,1,5,Peripherique,2026-02-21
1052,213,Hub USB,50.14,1,5,Accessoire,2026-03-14
1053,206,Souris Razer,58.01,5,0,Peripherique,2026-03-02
1054,206,Souris Razer,56.85,1,10,Peripherique,2025-04-28
1055,206,Souris Razer,64.86,2,20,Peripherique,2026-03-30
1056,205,Clavier Logitech,94.36,2,10,Peripherique,2025-07-03
1057,214,Tapis de souris XL,25.4,3,5,Accessoire,2026-01-21
1058,201,Laptop Dell,1117.73,1,20,Informatique,2025-11-16
1059,202,Ecouteurs Sony,156.77,2,10,Audio,2025-07-15
1060,206,Souris Razer,58.65,3,5,Peripherique,2025-07-22
1061,213,Hub USB,54.43,2,15,Accessoire,2026-01-15
1062,213,Hub USB,52.47,2,15,Accessoire,2025-12-10
1063,212,Chargeur USB-C,30.17,5,0,Accessoire,2025-12-14
1064,207,Ecran LG 27,321.51,2,10,Affichage,2025-12-27
1065,201,Laptop Dell,1312.57,3,5,Informatique,2025-12-03
1066,210,Webcam Logitech,77.41,5,10,Peripherique,2025-08-31
1067,205,Clavier Logitech,88.78,1,15,Peripherique,2025-10-13
1068,209,Disque SSD 1TB,127.67,4,20,Stockage,2025-09-20
1069,210,Webcam Logitech,87.2,3,0,Peripherique,2025-09-19
1070,206,Souris Razer,57.99,2,0,Peripherique,2026-03-14
1071,214,Tapis de souris XL,27.22,3,10,Accessoire,2025-12-18
1072,214,Tapis de souris XL,25.98,1,10,Accessoire,2026-03-19
1073,209,Disque SSD 1TB,125.62,1,20,Stockage,2026-02-09
1074,205,Clavier Logitech,90.93,2,20,Peripherique,2025-04-16
1075,214,Tapis de souris XL,26.26,2,15,Accessoire,2026-04-19
1076,214,Tapis de souris XL,23.9,2,0,Accessoire,2025-05-06
1077,200,Smartphone Samsung,637.7,1,5,Mobile,2026-03-01
1078,202,Ecouteurs Sony,149.44,2,0,Audio,2025-07-04
1079,206,Souris Razer,56.16,5,10,Peripherique,2025-11-18
1080,212,Chargeur USB-C,28.07,3,20,Accessoire,2025-11-13
1081,214,Tapis de souris XL,24.39,5,15,Accessoire,2025-07-02
1082,203,Tablette iPad,787.11,3,5,Mobile,2026-03-03
1083,206,Souris Razer,58.88,1,10,Peripherique,2026-01-01
1084,213,Hub USB,46.5,5,5,Accessoire,2025-04-28
1085,214,Tapis de souris XL,24.64,4,0,Accessoire,2025-12-26
1086,206,Souris Razer,62.56,4,15,Peripherique,2025-06-06
1087,214,Tapis de souris XL,26.87,2,0,Accessoire,2026-02-11
1088,205,Clavier Logitech,93.55,1,15,Peripherique,2025-09-16
1089,212,Chargeur USB-C,29.15,2,10,Accessoire,2025-11-07
1090,213,Hub USB,49.15,3,0,Accessoire,2025-12-13
1091,214,Tapis de souris XL,24.98,3,25,Accessoire,2025-04-05
1092,210,Webcam Logitech,83.52,5,5,Peripherique,2025-05-25
1093,214,Tapis de souris XL,25.45,2,20,Accessoire,2025-10-27
1094,214,Tapis de souris XL,22.76,2,15,Accessoire,2025-05-04
1095,213,Hub USB,49.23,1,10,Accessoire,2026-02-21
1096,213,Hub USB,54.47,1,0,Accessoire,2025-04-29
1097,213,Hub USB,46.49,2,0,Accessoire,2025-04-06
1098,213,Hub USB,52.36,4,5,Accessoire,2025-05-11
1099,205,Clavier Logitech,85.7,4,10,Peripherique,2025-10-14
1100,206,Souris Razer,54.67,1,20,Peripherique,2026-01-31
1101,210,Webcam Logitech,86.0,3,10,Peripherique,2025-08-30
1102,203,Tablette iPad,790.19,5,20,Mobile,2025-12-24
1103,200,Smartphone Samsung,546.41,5,0,Mobile,2025-08-27
1104,202,Ecouteurs Sony,160.89,1,20,Audio,2025-06-05
1105,200,Smartphone Samsung,625.06,5,5,Mobile,2025-06-16
1106,204,Montre Apple Watch,392.21,1,5,Wearable,2026-02-11
1107,213,Hub USB,46.29,3,0,Accessoire,2025-07-16
1108,209,Disque SSD 1TB,128.98,4,25,Stockage,2026-03-30
1109,204,Montre Apple Watch,365.32,4,0,Wearable,2025-09-02
1110,210,Webcam Logitech,86.7,2,0,Peripherique,2026-02-20
1111,212,Chargeur USB-C,30.24,5,25,Accessoire,2026-03-17
1112,212,Chargeur USB-C,29.95,1,5,Accessoire,2025-11-11
1113,206,Souris Razer,54.43,1,5,Peripherique,2025-10-25
1114,200,Smartphone Samsung,635.51,1,5,Mobile,2026-02-15
1115,214,Tapis de souris XL,23.17,4,20,Accessoire,2025-08-14
1116,209,Disque SSD 1TB,120.39,4,10,Stockage,2025-04-24
1117,206,Souris Razer,63.29,2,15,Peripherique,2025-06-25
1118,213,Hub USB,47.49,5,20,Accessoire,2025-08-18
1119,209,Disque SSD 1TB,116.64,3,20,Stockage,2025-04-17
1120,202,Ecouteurs Sony,150.56,4,0,Audio,2025-09-08
1121,210,Webcam Logitech,78.16,5,10,Peripherique,2026-01-02
1122,202,Ecouteurs Sony,164.64,5,0,Audio,2025-12-22
1123,209,Disque SSD 1TB,119.32,3,5,Stockage,2025-07-25
1124,202,Ecouteurs Sony,159.88,3,5,Audio,2025-10-04
1125,214,Tapis de souris XL,26.67,3,0,Accessoire,2025-05-18
1126,205,Clavier Logitech,93.85,4,5,Peripherique,2026-01-01
1127,209,Disque SSD 1TB,119.55,2,5,Stockage,2025-11-26
1128,202,Ecouteurs Sony,140.83,2,15,Audio,2025-09-02
1129,203,Tablette iPad,736.37,2,25,Mobile,2025-05-31
1130,209,Disque SSD 1TB,116.95,5,0,Stockage,2025-12-22
1131,212,Chargeur USB-C,30.88,1,10,Accessoire,2026-03-20
1132,210,Webcam Logitech,82.29,2,25,Peripherique,2025-12-12
1133,205,Clavier Logitech,81.77,2,5,Peripherique,2025-10-16
1134,207,Ecran LG 27,318.34,5,5,Affichage,2026-04-27
1135,214,Tapis de souris XL,26.59,2,15,Accessoire,2026-03-04
1136,214,Tapis de souris XL,25.64,3,15,Accessoire,2025-08-03
1137,207,Ecran LG 27,376.3,1,25,Affichage,2026-02-18
1138,212,Chargeur USB-C,27.97,1,10,Accessoire,2026-01-09
1139,202,Ecouteurs Sony,136.01,2,25,Audio,2025-10-29
1140,202,Ecouteurs Sony,154.98,4,5,Audio,2025-04-15
1141,213,Hub USB,51.84,5,5,Accessoire,2026-04-25
1142,214,Tapis de souris XL,24.62,5,0,Accessoire,2025-04-03
1143,213,Hub USB,45.79,4,0,Accessoire,2026-01-22
1144,204,Montre Apple Watch,394.06,4,10,Wearable,2025-06-08
1145,202,Ecouteurs Sony,144.23,1,10,Audio,2025-05-24
1146,213,Hub USB,51.2,2,15,Accessoire,2025-11-21
1147,213,Hub USB,49.18,5,10,Accessoire,2025-06-27
1148,204,Montre Apple Watch,414.26,4,0,Wearable,2026-02-19
1149,202,Ecouteurs Sony,137.43,3,0,Audio,2026-01-25
1150,209,Disque SSD 1TB,130.63,4,25,Stockage,2025-10-01
1151,210,Webcam Logitech,73.33,1,0,Peripherique,2025-07-17
1152,202,Ecouteurs Sony,135.74,1,0,Audio,2025-04-09
1153,208,Imprimante HP,180.68,5,0,Informatique,2025-10-07
1154,210,Webcam Logitech,78.01,1,20,Peripherique,2026-04-21
1155,202,Ecouteurs Sony,157.31,5,0,Audio,2025-10-31
1156,204,Montre Apple Watch,376.44,4,20,Wearable,2025-05-11
1157,203,Tablette iPad,725.85,4,0,Mobile,2025-10-07
1158,200,Smartphone Samsung,561.7,2,10,Mobile,2026-03-11
1159,202,Ecouteurs Sony,154.48,1,15,Audio,2025-10-08
1160,202,Ecouteurs Sony,158.88,2,20,Audio,2026-04-01
1161,200,Smartphone Samsung,555.94,1,5,Mobile,2025-08-16
1162,200,Smartphone Samsung,610.81,5,10,Mobile,2025-12-22
1163,210,Webcam Logitech,72.93,5,10,Peripherique,2026-03-18
1164,205,Clavier Logitech,95.61,1,15,Peripherique,2026-04-19
1165,211,Casque Bose,282.34,1,15,Audio,2025-08-19
1166,205,Clavier Logitech,89.43,2,0,Peripherique,2025-09-19
1167,210,Webcam Logitech,73.68,4,10,Peripherique,2025-06-30
1168,204,Montre Apple Watch,419.09,1,0,Wearable,2026-04-22
1169,214,Tapis de souris XL,25.37,2,5,Accessoire,2026-04-25
1170,204,Montre Apple Watch,394.56,3,10,Wearable,2026-01-15
1171,210,Webcam Logitech,81.46,5,10,Peripherique,2025-06-30
1172,205,Clavier Logitech,84.38,1,20,Peripherique,2025-07-07
1173,205,Clavier Logitech,91.95,2,0,Peripherique,2025-04-09
1174,202,Ecouteurs Sony,158.82,5,10,Audio,2026-04-27
1175,207,Ecran LG 27,333.96,3,10,Affichage,2026-02-02
1176,211,Casque Bose,299.71,1,5,Audio,2026-03-15
1177,208,Imprimante HP,195.97,4,0,Informatique,2025-10-08
1178,209,Disque SSD 1TB,121.4,1,0,Stockage,2026-04-01
1179,214,Tapis de souris XL,26.86,3,5,Accessoire,2025-07-18
1180,208,Imprimante HP,199.32,2,0,Informatique,2025-04-23
1181,214,Tapis de souris XL,23.06,5,20,Accessoire,2025-08-13
1182,213,Hub USB,53.24,1,10,Accessoire,2025-07-01
1183,206,Souris Razer,64.8,3,10,Peripherique,2025-10-17
1184,212,Chargeur USB-C,27.01,1,0,Accessoire,2025-04-24
1185,214,Tapis de souris XL,24.74,5,5,Accessoire,2025-12-18
1186,212,Chargeur USB-C,29.3,4,0,Accessoire,2025-11-23
1187,213,Hub USB,51.46,3,10,Accessoire,2025-09-07
1188,202,Ecouteurs Sony,152.94,4,10,Audio,2025-07-03
1189,208,Imprimante HP,189.45,3,15,Informatique,2026-02-13
1190,213,Hub USB,54.7,3,0,Accessoire,2025-08-09
1191,212,Chargeur USB-C,27.63,4,5,Accessoire,2026-03-27
1192,212,Chargeur USB-C,30.68,1,10,Accessoire,2025-07-26
1193,210,Webcam Logitech,72.15,5,10,Peripherique,2026-01-20
1194,208,Imprimante HP,213.49,4,0,Informatique,2025-05-19
1195,200,Smartphone Samsung,629.73,5,5,Mobile,2026-03-18
1196,200,Smartphone Samsung,550.33,5,25,Mobile,2026-03-05
1197,204,Montre Apple Watch,433.76,2,5,Wearable,2025-05-31
1198,203,Tablette iPad,870.48,4,10,Mobile,2025-04-09
1199,201,Laptop Dell,1116.07,5,25,Informatique,2025-08-15
1200,214,Tapis de souris XL,22.72,3,0,Accessoire,2025-06-10
1201,200,Smartphone Samsung,551.75,4,0,Mobile,2025-09-13
1202,209,Disque SSD 1TB,126.42,3,10,Stockage,2026-01-08
1203,201,Laptop Dell,1258.25,1,0,Informatique,2025-06-27
1204,214,Tapis de souris XL,23.87,2,15,Accessoire,2026-03-08
1205,202,Ecouteurs Sony,162.5,3,0,Audio,2025-05-29
1206,214,Tapis de souris XL,26.47,2,25,Accessoire,2026-04-19
1207,206,Souris Razer,63.21,1,15,Peripherique,2025-07-14
1208,212,Chargeur USB-C,28.06,5,20,Accessoire,2025-06-17
1209,200,Smartphone Samsung,621.25,3,10,Mobile,2025-12-19
1210,205,Clavier Logitech,89.54,3,0,Peripherique,2025-04-29
1211,206,Souris Razer,61.45,4,0,Peripherique,2026-04-13
1212,213,Hub USB,54.97,1,0,Accessoire,2026-03-22
1213,212,Chargeur USB-C,28.31,4,10,Accessoire,2026-01-25
1214,214,Tapis de souris XL,26.3,2,0,Accessoire,2026-01-22
1215,202,Ecouteurs Sony,149.33,2,5,Audio,2025-04-20
1216,214,Tapis de souris XL,26.91,2,0,Accessoire,2026-03-06
1217,209,Disque SSD 1TB,108.45,5,0,Stockage,2025-09-06
1218,211,Casque Bose,304.91,3,15,Audio,2026-04-07
1219,201,Laptop Dell,1264.07,1,25,Informatique,2025-10-04
1220,202,Ecouteurs Sony,140.15,2,10,Audio,2026-03-22
1221,207,Ecran LG 27,340.64,5,0,Affichage,2025-05-06
1222,200,Smartphone Samsung,639.39,4,0,Mobile,2025-08-29
1223,210,Webcam Logitech,85.11,1,10,Peripherique,2026-03-16
1224,200,Smartphone Samsung,631.43,4,10,Mobile,2026-04-08
1225,212,Chargeur USB-C,29.67,2,0,Accessoire,2025-11-13
1226,206,Souris Razer,58.22,4,0,Peripherique,2026-01-19
1227,212,Chargeur USB-C,30.1,3,5,Accessoire,2025-05-24
1228,206,Souris Razer,61.2,4,10,Peripherique,2025-09-04
1229,212,Chargeur USB-C,27.53,5,25,Accessoire,2025-08-28
1230,206,Souris Razer,54.4,5,15,Peripherique,2025-08-31
1231,202,Ecouteurs Sony,152.24,5,5,Audio,2025-10-08
1232,200,Smartphone Samsung,559.1,2,5,Mobile,2025-05-26
1233,210,Webcam Logitech,72.31,2,10,Peripherique,2025-09-19
1234,210,Webcam Logitech,77.15,4,10,Peripherique,2026-03-18
1235,212,Chargeur USB-C,28.57,5,0,Accessoire,2025-09-26
1236,212,Chargeur USB-C,29.24,3,15,Accessoire,2025-07-29
1237,212,Chargeur USB-C,31.4,5,10,Accessoire,2026-01-19
1238,208,Imprimante HP,192.49,3,5,Informatique,2025-04-27
1239,212,Chargeur USB-C,27.34,5,20,Accessoire,2025-07-05
1240,200,Smartphone Samsung,564.36,2,0,Mobile,2025-10-02
1241,210,Webcam Logitech,83.63,5,5,Peripherique,2025-05-09
1242,204,Montre Apple Watch,380.36,5,20,Wearable,2025-07-07
1243,213,Hub USB,54.42,2,0,Accessoire,2025-12-01
1244,214,Tapis de souris XL,23.34,1,0,Accessoire,2026-02-16
1245,214,Tapis de souris XL,24.04,5,0,Accessoire,2025-06-10
1246,212,Chargeur USB-C,29.04,4,10,Accessoire,2025-06-26
1247,206,Souris Razer,62.77,2,10,Peripherique,2026-02-02
1248,200,Smartphone Samsung,602.14,1,0,Mobile,2026-02-28
1249,210,Webcam Logitech,87.37,3,0,Peripherique,2025-08-17
1250,206,Souris Razer,62.68,1,0,Peripherique,2026-04-18
1251,203,Tablette iPad,810.57,5,25,Mobile,2025-08-28
1252,204,Montre Apple Watch,400.21,2,0,Wearable,2026-04-13
1253,214,Tapis de souris XL,25.07,1,25,Accessoire,2026-04-15
1254,200,Smartphone Samsung,573.87,1,10,Mobile,2025-08-10
1255,211,Casque Bose,277.64,2,0,Audio,2025-10-27
1256,210,Webcam Logitech,87.56,1,5,Peripherique,2025-04-07
1257,202,Ecouteurs Sony,144.53,3,20,Audio,2025-07-02
1258,214,Tapis de souris XL,25.66,5,0,Accessoire,2025-05-22
1259,200,Smartphone Samsung,541.46,5,5,Mobile,2025-05-31
1260,207,Ecran LG 27,376.58,3,0,Affichage,2025-12-14
1261,204,Montre Apple Watch,431.92,2,10,Wearable,2026-01-10
1262,205,Clavier Logitech,84.19,5,10,Peripherique,2026-04-06
1263,209,Disque SSD 1TB,116.87,5,15,Stockage,2025-11-18
1264,205,Clavier Logitech,87.36,4,0,Peripherique,2026-04-11
1265,202,Ecouteurs Sony,148.73,2,20,Audio,2026-03-23
1266,205,Clavier Logitech,82.23,1,25,Peripherique,2026-03-06
1267,212,Chargeur USB-C,29.76,4,0,Accessoire,2026-02-27
1268,208,Imprimante HP,199.72,4,15,Informatique,2025-04-23
1269,214,Tapis de souris XL,25.35,1,10,Accessoire,2025-10-11
1270,200,Smartphone Samsung,546.17,3,15,Mobile,2026-04-28
1271,213,Hub USB,52.68,1,15,Accessoire,2025-11-26
1272,204,Montre Apple Watch,367.03,5,5,Wearable,2025-05-18
1273,210,Webcam Logitech,72.84,1,0,Peripherique,2026-02-02
1274,213,Hub USB,48.26,3,25,Accessoire,2025-09-02
1275,202,Ecouteurs Sony,157.65,3,5,Audio,2025-09-27
1276,204,Montre Apple Watch,381.76,3,25,Wearable,2025-09-27
1277,212,Chargeur USB-C,29.64,1,25,Accessoire,2025-07-25
1278,202,Ecouteurs Sony,145.23,1,5,Audio,2025-11-05
1279,212,Chargeur USB-C,31.95,2,10,Accessoire,2026-01-02
1280,209,Disque SSD 1TB,122.38,1,10,Stockage,2026-02-23
1281,201,Laptop Dell,1146.13,4,0,Informatique,2025-07-31
1282,214,Tapis de souris XL,26.1,2,0,Accessoire,2025-10-20
1283,214,Tapis de souris XL,23.56,3,0,Accessoire,2025-05-22
1284,206,Souris Razer,65.0,1,25,Peripherique,2025-07-23
1285,211,Casque Bose,328.18,2,10,Audio,2025-08-06
1286,204,Montre Apple Watch,388.29,4,10,Wearable,2026-04-29
1287,210,Webcam Logitech,84.53,5,25,Peripherique,2026-04-11
1288,213,Hub USB,52.86,2,5,Accessoire,2025-11-01
1289,208,Imprimante HP,219.84,3,10,Informatique,2025-07-23
1290,202,Ecouteurs Sony,135.93,5,0,Audio,2025-06-12
1291,210,Webcam Logitech,85.18,3,10,Peripherique,2025-08-20
1292,202,Ecouteurs Sony,148.11,1,15,Audio,2025-04-01
1293,214,Tapis de souris XL,24.72,4,25,Accessoire,2025-08-21
1294,208,Imprimante HP,181.99,1,0,Informatique,2025-09-25
1295,214,Tapis de souris XL,24.63,3,25,Accessoire,2026-02-12
1296,200,Smartphone Samsung,585.82,3,25,Mobile,2026-03-04
1297,203,Tablette iPad,823.62,4,5,Mobile,2025-08-31
1298,212,Chargeur USB-C,27.1,3,25,Accessoire,2025-05-17
1299,200,Smartphone Samsung,614.09,4,15,Mobile,2025-10-24
1300,214,Tapis de souris XL,22.76,4,25,Accessoire,2025-05-14
1301,203,Tablette iPad,854.59,4,5,Mobile,2025-05-14
1302,213,Hub USB,53.23,4,20,Accessoire,2025-07-18
1303,200,Smartphone Samsung,541.61,4,0,Mobile,2025-07-14
1304,210,Webcam Logitech,84.95,4,20,Peripherique,2025-04-06
1305,206,Souris Razer,56.73,5,5,Peripherique,2025-05-13
1306,200,Smartphone Samsung,584.49,1,15,Mobile,2025-08-09
1307,202,Ecouteurs Sony,155.59,1,10,Audio,2025-05-16
1308,202,Ecouteurs Sony,137.11,1,5,Audio,2025-11-09
1309,200,Smartphone Samsung,585.09,3,25,Mobile,2025-09-13
1310,213,Hub USB,45.65,1,20,Accessoire,2025-12-16
1311,202,Ecouteurs Sony,141.19,4,5,Audio,2025-04-22
1312,212,Chargeur USB-C,27.19,3,0,Accessoire,2025-12-01
1313,208,Imprimante HP,211.44,5,10,Informatique,2025-09-17
1314,211,Casque Bose,290.12,1,25,Audio,2026-04-10
1315,204,Montre Apple Watch,370.7,5,10,Wearable,2025-07-01
1316,209,Disque SSD 1TB,109.22,2,0,Stockage,2025-07-31
1317,206,Souris Razer,64.76,4,20,Peripherique,2025-05-05
1318,213,Hub USB,46.75,1,5,Accessoire,2026-01-25
1319,210,Webcam Logitech,83.89,3,20,Peripherique,2026-03-25
1320,201,Laptop Dell,1106.16,2,5,Informatique,2025-05-21
1321,201,Laptop Dell,1112.01,3,0,Informatique,2026-01-03
1322,205,Clavier Logitech,93.96,3,25,Peripherique,2025-11-04
1323,212,Chargeur USB-C,30.83,3,5,Accessoire,2025-06-02
1324,203,Tablette iPad,834.83,4,20,Mobile,2025-06-27
1325,202,Ecouteurs Sony,135.24,4,0,Audio,2026-03-15
1326,205,Clavier Logitech,86.52,5,0,Peripherique,2026-03-16
1327,212,Chargeur USB-C,27.96,1,20,Accessoire,2026-03-09
1328,209,Disque SSD 1TB,111.68,1,15,Stockage,2025-04-11
1329,207,Ecran LG 27,323.83,2,20,Affichage,2025-05-22
1330,202,Ecouteurs Sony,138.72,4,0,Audio,2026-04-17
1331,214,Tapis de souris XL,25.32,4,25,Accessoire,2025-09-07
1332,210,Webcam Logitech,74.67,3,20,Peripherique,2025-11-04
1333,203,Tablette iPad,846.54,4,20,Mobile,2025-09-28
1334,214,Tapis de souris XL,23.44,3,25,Accessoire,2025-04-30
1335,208,Imprimante HP,183.29,3,0,Informatique,2025-05-24
1336,204,Montre Apple Watch,374.86,3,20,Wearable,2025-08-05
1337,202,Ecouteurs Sony,142.45,2,20,Audio,2025-04-22
1338,205,Clavier Logitech,94.3,5,5,Peripherique,2025-06-05
1339,212,Chargeur USB-C,29.21,1,5,Accessoire,2025-11-05
1340,207,Ecran LG 27,325.23,2,15,Affichage,2025-06-14
1341,212,Chargeur USB-C,31.85,2,25,Accessoire,2025-12-04
1342,203,Tablette iPad,851.66,1,10,Mobile,2026-01-14
1343,200,Smartphone Samsung,555.03,5,0,Mobile,2026-02-01
1344,214,Tapis de souris XL,25.14,2,5,Accessoire,2025-07-18
1345,209,Disque SSD 1TB,111.74,5,10,Stockage,2025-11-19
1346,205,Clavier Logitech,96.33,2,25,Peripherique,2026-04-03
1347,210,Webcam Logitech,72.95,4,5,Peripherique,2025-11-27
1348,211,Casque Bose,297.82,4,10,Audio,2025-11-14
1349,206,Souris Razer,59.26,4,0,Peripherique,2025-08-02
1350,205,Clavier Logitech,97.92,5,5,Peripherique,2025-06-18
1351,204,Montre Apple Watch,398.15,5,15,Wearable,2025-12-27
1352,204,Montre Apple Watch,400.84,3,5,Wearable,2025-09-26
1353,206,Souris Razer,60.46,3,10,Peripherique,2025-09-19
1354,200,Smartphone Samsung,550.63,3,25,Mobile,2025-05-24
1355,214,Tapis de souris XL,26.44,3,0,Accessoire,2025-12-11
1356,207,Ecran LG 27,381.5,3,0,Affichage,2025-08-31
1357,214,Tapis de souris XL,24.21,4,5,Accessoire,2026-04-29
1358,212,Chargeur USB-C,30.16,5,0,Accessoire,2026-01-30
1359,213,Hub USB,46.77,2,5,Accessoire,2025-10-08
1360,204,Montre Apple Watch,411.03,4,0,Wearable,2026-02-22
1361,207,Ecran LG 27,384.71,4,20,Affichage,2026-01-23
1362,205,Clavier Logitech,82.44,5,0,Peripherique,2025-12-22
1363,200,Smartphone Samsung,637.91,1,0,Mobile,2025-06-23
1364,211,Casque Bose,321.99,1,0,Audio,2025-12-22
1365,213,Hub USB,50.24,4,10,Accessoire,2025-05-14
1366,213,Hub USB,45.06,1,25,Accessoire,2025-12-10
1367,200,Smartphone Samsung,623.97,5,10,Mobile,2025-04-13
1368,213,Hub USB,48.81,4,10,Accessoire,2025-07-19
1369,201,Laptop Dell,1184.04,3,10,Informatique,2025-04-02
1370,208,Imprimante HP,198.17,1,15,Informatique,2025-10-23
1371,210,Webcam Logitech,78.04,1,10,Peripherique,2025-08-27
1372,204,Montre Apple Watch,427.84,3,0,Wearable,2025-12-07
1373,211,Casque Bose,287.14,1,20,Audio,2025-12-23
1374,213,Hub USB,48.12,2,5,Accessoire,2025-08-20
1375,205,Clavier Logitech,86.2,3,20,Peripherique,2026-03-17
1376,200,Smartphone Samsung,574.66,3,10,Mobile,2025-08-12
1377,208,Imprimante HP,181.91,1,15,Informatique,2026-01-27
1378,202,Ecouteurs Sony,139.98,3,5,Audio,2025-09-14
1379,203,Tablette iPad,793.2,2,5,Mobile,2026-01-30
1380,209,Disque SSD 1TB,122.52,4,0,Stockage,2025-09-27
1381,206,Souris Razer,54.02,3,25,Peripherique,2025-09-24
1382,214,Tapis de souris XL,24.98,1,20,Accessoire,2026-02-18
1383,210,Webcam Logitech,78.72,1,15,Peripherique,2025-11-02
1384,206,Souris Razer,65.27,2,25,Peripherique,2025-11-17
1385,203,Tablette iPad,784.55,1,0,Mobile,2026-01-21
1386,204,Montre Apple Watch,422.95,3,0,Wearable,2025-09-17
1387,206,Souris Razer,62.24,4,0,Peripherique,2025-08-13
1388,200,Smartphone Samsung,573.73,5,20,Mobile,2025-12-21
1389,206,Souris Razer,55.68,2,0,Peripherique,2026-01-11
1390,208,Imprimante HP,210.73,4,10,Informatique,2025-07-14
1391,206,Souris Razer,64.51,3,15,Peripherique,2025-08-09
1392,201,Laptop Dell,1317.47,4,20,Informatique,2025-05-03
1393,213,Hub USB,54.21,2,10,Accessoire,2025-08-04
1394,208,Imprimante HP,195.54,1,15,Informatique,2025-06-07
1395,212,Chargeur USB-C,32.15,4,25,Accessoire,2026-04-08
1396,206,Souris Razer,60.02,4,15,Peripherique,2025-10-14
1397,214,Tapis de souris XL,23.59,3,5,Accessoire,2026-03-05
1398,213,Hub USB,47.73,4,0,Accessoire,2026-04-01
1399,209,Disque SSD 1TB,119.66,4,0,Stockage,2025-04-17
1400,213,Hub USB,54.21,5,5,Accessoire,2025-07-18
1401,209,Disque SSD 1TB,121.97,5,5,Stockage,2026-04-28
1402,204,Montre Apple Watch,414.9,5,15,Wearable,2025-04-26
1403,214,Tapis de souris XL,26.72,1,5,Accessoire,2025-08-28
1404,210,Webcam Logitech,87.4,5,0,Peripherique,2026-03-16
1405,211,Casque Bose,321.82,1,10,Audio,2026-03-18
1406,200,Smartphone Samsung,649.6,1,0,Mobile,2025-04-06
1407,209,Disque SSD 1TB,125.95,3,10,Stockage,2025-10-02
1408,210,Webcam Logitech,75.23,3,25,Peripherique,2026-04-27
1409,203,Tablette iPad,757.98,4,10,Mobile,2025-05-10
1410,208,Imprimante HP,214.87,5,5,Informatique,2025-05-07
1411,212,Chargeur USB-C,28.28,3,20,Accessoire,2026-02-21
1412,205,Clavier Logitech,87.46,2,5,Peripherique,2025-07-18
1413,200,Smartphone Samsung,583.18,5,10,Mobile,2025-12-06
1414,212,Chargeur USB-C,32.81,1,5,Accessoire,2026-01-15
1415,207,Ecran LG 27,376.09,3,0,Affichage,2025-06-20
1416,205,Clavier Logitech,88.54,1,0,Peripherique,2025-04-30
1417,212,Chargeur USB-C,32.31,1,10,Accessoire,2025-07-14
1418,209,Disque SSD 1TB,123.88,5,15,Stockage,2026-01-25
1419,214,Tapis de souris XL,22.55,4,10,Accessoire,2025-12-29
1420,206,Souris Razer,60.0,4,0,Peripherique,2026-04-11
1421,201,Laptop Dell,1095.5,4,20,Informatique,2025-10-21
1422,204,Montre Apple Watch,411.46,5,15,Wearable,2026-02-23
1423,200,Smartphone Samsung,544.29,3,0,Mobile,2026-01-14
1424,204,Montre Apple Watch,421.29,2,0,Wearable,2026-03-26
1425,208,Imprimante HP,187.6,3,5,Informatique,2025-11-08
1426,205,Clavier Logitech,96.24,3,10,Peripherique,2025-09-25
1427,205,Clavier Logitech,89.91,3,20,Peripherique,2025-06-02
1428,209,Disque SSD 1TB,112.3,3,5,Stockage,2026-02-01
1429,211,Casque Bose,319.63,1,10,Audio,2025-08-25
1430,207,Ecran LG 27,368.36,3,20,Affichage,2025-10-17
1431,209,Disque SSD 1TB,121.41,2,15,Stockage,2026-04-27
1432,208,Imprimante HP,206.94,3,0,Informatique,2025-06-19
1433,209,Disque SSD 1TB,126.01,1,10,Stockage,2025-12-06
1434,203,Tablette iPad,874.63,4,5,Mobile,2025-10-30
1435,212,Chargeur USB-C,28.23,3,5,Accessoire,2026-03-16
1436,206,Souris Razer,55.02,2,0,Peripherique,2026-02-06
1437,202,Ecouteurs Sony,163.21,4,5,Audio,2025-12-06
1438,209,Disque SSD 1TB,108.54,2,5,Stockage,2025-11-20
1439,209,Disque SSD 1TB,130.4,5,5,Stockage,2025-11-28
1440,205,Clavier Logitech,82.21,3,0,Peripherique,2026-01-24
1441,210,Webcam Logitech,79.0,3,15,Peripherique,2025-10-16
1442,206,Souris Razer,61.92,1,5,Peripherique,2025-05-25
1443,200,Smartphone Samsung,642.91,5,5,Mobile,2025-11-21
1444,214,Tapis de souris XL,23.99,3,5,Accessoire,2025-08-14
1445,212,Chargeur USB-C,32.26,2,10,Accessoire,2025-11-15
1446,209,Disque SSD 1TB,111.84,4,0,Stockage,2025-09-05
1447,200,Smartphone Samsung,622.02,3,10,Mobile,2025-10-30
1448,209,Disque SSD 1TB,124.74,3,25,Stockage,2025-09-26
1449,202,Ecouteurs Sony,150.79,5,0,Audio,2025-12-05
1450,204,Montre Apple Watch,393.16,5,15,Wearable,2025-10-04
1451,203,Tablette iPad,729.53,4,10,Mobile,2026-02-25
1452,213,Hub USB,45.23,4,0,Accessoire,2025-04-09
1453,212,Chargeur USB-C,28.74,4,20,Accessoire,2025-08-18
1454,213,Hub USB,50.2,3,15,Accessoire,2025-07-10
1455,212,Chargeur USB-C,31.58,1,5,Accessoire,2025-07-11
1456,205,Clavier Logitech,98.74,2,20,Peripherique,2025-09-28
1457,210,Webcam Logitech,83.87,5,0,Peripherique,2026-04-15
1458,209,Disque SSD 1TB,116.02,5,10,Stockage,2025-04-08
1459,203,Tablette iPad,815.12,4,0,Mobile,2026-01-03
1460,204,Montre Apple Watch,411.22,3,10,Wearable,2025-10-10
1461,203,Tablette iPad,859.01,4,10,Mobile,2026-03-08
1462,214,Tapis de souris XL,23.72,2,15,Accessoire,2025-07-31
1463,207,Ecran LG 27,325.92,4,15,Affichage,2026-03-01
1464,214,Tapis de souris XL,26.95,3,0,Accessoire,2025-05-04
1465,209,Disque SSD 1TB,119.37,3,10,Stockage,2025-06-12
1466,209,Disque SSD 1TB,126.61,3,5,Stockage,2025-07-02
1467,204,Montre Apple Watch,377.61,3,15,Wearable,2025-12-15
1468,206,Souris Razer,58.18,1,0,Peripherique,2026-01-10
1469,204,Montre Apple Watch,433.62,1,25,Wearable,2026-03-04
1470,206,Souris Razer,59.14,5,5,Peripherique,2026-03-19
1471,200,Smartphone Samsung,633.4,2,10,Mobile,2025-04-18
1472,213,Hub USB,50.19,3,10,Accessoire,2025-09-01
1473,208,Imprimante HP,205.78,2,0,Informatique,2026-03-14
1474,207,Ecran LG 27,356.09,5,5,Affichage,2026-01-11
1475,206,Souris Razer,65.73,5,20,Peripherique,2026-03-07
1476,204,Montre Apple Watch,419.84,4,25,Wearable,2026-01-07
1477,205,Clavier Logitech,88.53,5,5,Peripherique,2025-04-18
1478,205,Clavier Logitech,81.44,5,0,Peripherique,2025-12-16
1479,205,Clavier Logitech,95.22,1,5,Peripherique,2026-01-29
1480,205,Clavier Logitech,86.22,2,5,Peripherique,2025-08-14
1481,209,Disque SSD 1TB,131.75,2,0,Stockage,2026-03-14
1482,210,Webcam Logitech,74.44,5,0,Peripherique,2026-01-14
1483,211,Casque Bose,327.55,1,5,Audio,2026-03-17
1484,205,Clavier Logitech,86.13,1,10,Peripherique,2025-10-17
1485,214,Tapis de souris XL,25.22,1,0,Accessoire,2025-12-18
1486,214,Tapis de souris XL,23.21,5,15,Accessoire,2025-10-18
1487,201,Laptop Dell,1269.85,4,15,Informatique,2025-06-30
1488,212,Chargeur USB-C,27.47,5,5,Accessoire,2025-11-26
1489,200,Smartphone Samsung,545.14,4,15,Mobile,2026-02-08
1490,200,Smartphone Samsung,608.28,4,0,Mobile,2025-04-07
1491,212,Chargeur USB-C,29.6,1,20,Accessoire,2026-04-12
1492,212,Chargeur USB-C,31.72,1,10,Accessoire,2025-11-29
1493,206,Souris Razer,55.57,4,0,Peripherique,2026-03-06
1494,210,Webcam Logitech,82.04,5,20,Peripherique,2025-05-21
1495,202,Ecouteurs Sony,145.36,5,0,Audio,2026-02-17
1496,200,Smartphone Samsung,552.48,3,0,Mobile,2025-09-22
1497,210,Webcam Logitech,78.55,4,25,Peripherique,2025-12-03
1498,214,Tapis de souris XL,26.63,1,10,Accessoire,2026-02-05
1499,213,Hub USB,54.47,1,25,Accessoire,2026-02-10
1500,214,Tapis de souris XL,23.42,5,20,Accessoire,2025-08-22
1501,211,Casque Bose,301.05,3,0,Audio,2025-04-25
1502,202,Ecouteurs Sony,137.41,4,10,Audio,2026-02-13
1503,208,Imprimante HP,219.27,3,0,Informatique,2025-10-31
1504,206,Souris Razer,56.54,3,10,Peripherique,2025-11-12
1505,214,Tapis de souris XL,26.35,3,0,Accessoire,2025-12-14
1506,212,Chargeur USB-C,30.81,1,5,Accessoire,2025-07-29
1507,212,Chargeur USB-C,31.05,3,0,Accessoire,2026-03-23
1508,212,Chargeur USB-C,28.91,3,10,Accessoire,2025-05-21
1509,205,Clavier Logitech,88.99,4,10,Peripherique,2026-03-17
1510,207,Ecran LG 27,339.12,1,0,Affichage,2025-05-07
1511,200,Smartphone Samsung,642.56,5,25,Mobile,2025-05-15
1512,214,Tapis de souris XL,23.61,4,0,Accessoire,2025-09-22
1513,209,Disque SSD 1TB,108.34,2,0,Stockage,2025-12-20
1514,201,Laptop Dell,1080.84,5,5,Informatique,2025-07-24
1515,210,Webcam Logitech,86.14,3,0,Peripherique,2026-03-05
1516,210,Webcam Logitech,86.7,2,0,Peripherique,2025-06-01
1517,205,Clavier Logitech,90.6,5,25,Peripherique,2026-01-13
1518,212,Chargeur USB-C,31.84,4,0,Accessoire,2025-09-26
1519,200,Smartphone Samsung,621.15,2,0,Mobile,2025-08-13
1520,212,Chargeur USB-C,30.72,1,5,Accessoire,2026-03-03
1521,212,Chargeur USB-C,29.16,4,0,Accessoire,2025-04-19
1522,214,Tapis de souris XL,26.29,3,10,Accessoire,2025-08-10
1523,212,Chargeur USB-C,29.25,1,0,Accessoire,2025-12-29
1524,214,Tapis de souris XL,24.19,1,10,Accessoire,2025-07-21
1525,205,Clavier Logitech,84.59,3,10,Peripherique,2025-12-21
1526,205,Clavier Logitech,88.07,5,10,Peripherique,2025-11-13
1527,212,Chargeur USB-C,28.51,3,0,Accessoire,2026-02-06
1528,210,Webcam Logitech,74.17,4,20,Peripherique,2025-10-02
1529,202,Ecouteurs Sony,146.3,3,20,Audio,2026-01-01
1530,206,Souris Razer,61.5,4,10,Peripherique,2025-07-28
1531,209,Disque SSD 1TB,128.55,4,25,Stockage,2025-09-04
1532,209,Disque SSD 1TB,126.16,4,25,Stockage,2025-11-09
1533,206,Souris Razer,62.7,2,5,Peripherique,2025-09-08
1534,202,Ecouteurs Sony,163.78,1,10,Audio,2025-11-30
1535,212,Chargeur USB-C,32.22,3,5,Accessoire,2025-12-07
1536,214,Tapis de souris XL,23.53,4,25,Accessoire,2025-08-12
1537,206,Souris Razer,58.51,3,20,Peripherique,2025-11-10
1538,205,Clavier Logitech,85.83,3,25,Peripherique,2025-08-18
1539,206,Souris Razer,55.12,1,20,Peripherique,2026-04-13
1540,214,Tapis de souris XL,27.3,2,5,Accessoire,2026-02-12
1541,204,Montre Apple Watch,398.71,4,0,Wearable,2025-04-08
1542,208,Imprimante HP,189.29,3,0,Informatique,2025-06-14
1543,202,Ecouteurs Sony,160.5,2,25,Audio,2025-09-06
1544,200,Smartphone Samsung,551.13,4,10,Mobile,2025-06-17
1545,203,Tablette iPad,853.09,5,5,Mobile,2026-01-18
1546,213,Hub USB,45.34,1,0,Accessoire,2025-05-04
1547,211,Casque Bose,281.36,5,5,Audio,2025-10-02
1548,210,Webcam Logitech,78.53,3,5,Peripherique,2026-01-03
1549,214,Tapis de souris XL,26.96,2,25,Accessoire,2025-08-13
1550,206,Souris Razer,57.08,1,10,Peripherique,2025-11-28
1551,208,Imprimante HP,216.2,2,20,Informatique,2025-07-21
1552,202,Ecouteurs Sony,153.91,5,0,Audio,2026-02-03
1553,213,Hub USB,46.13,2,0,Accessoire,2026-03-15
1554,214,Tapis de souris XL,23.78,5,5,Accessoire,2025-07-04
1555,206,Souris Razer,58.06,4,5,Peripherique,2026-02-16
1556,205,Clavier Logitech,85.3,1,25,Peripherique,2026-02-22
1557,205,Clavier Logitech,88.87,3,15,Peripherique,2025-12-23
1558,212,Chargeur USB-C,31.22,2,25,Accessoire,2026-01-30
1559,206,Souris Razer,57.47,2,0,Peripherique,2025-07-10
1560,204,Montre Apple Watch,394.45,3,0,Wearable,2025-07-01
1561,203,Tablette iPad,782.74,2,10,Mobile,2025-12-15
1562,208,Imprimante HP,183.5,3,10,Informatique,2026-02-10
1563,214,Tapis de souris XL,25.25,4,5,Accessoire,2025-05-05
1564,202,Ecouteurs Sony,160.64,3,5,Audio,2026-01-30
1565,214,Tapis de souris XL,23.04,3,0,Accessoire,2025-05-04
1566,212,Chargeur USB-C,32.76,1,0,Accessoire,2025-11-14
1567,207,Ecran LG 27,358.76,5,0,Affichage,2025-11-01
1568,212,Chargeur USB-C,29.52,3,5,Accessoire,2025-05-04
1569,200,Smartphone Samsung,542.47,5,10,Mobile,2026-02-21
1570,202,Ecouteurs Sony,137.34,1,15,Audio,2025-08-20
1571,213,Hub USB,47.95,3,20,Accessoire,2025-05-05
1572,211,Casque Bose,303.78,3,5,Audio,2025-08-05
1573,200,Smartphone Samsung,583.75,3,0,Mobile,2025-04-09
1574,203,Tablette iPad,737.08,5,0,Mobile,2026-03-31
1575,205,Clavier Logitech,94.73,3,0,Peripherique,2025-10-15
1576,212,Chargeur USB-C,29.5,1,5,Accessoire,2025-12-19
1577,206,Souris Razer,62.8,4,0,Peripherique,2025-08-11
1578,202,Ecouteurs Sony,140.27,2,0,Audio,2026-02-13
1579,201,Laptop Dell,1246.97,2,5,Informatique,2025-12-02
1580,214,Tapis de souris XL,24.3,5,15,Accessoire,2025-11-21
1581,209,Disque SSD 1TB,131.09,5,10,Stockage,2025-07-23
1582,203,Tablette iPad,731.21,3,15,Mobile,2025-12-13
1583,206,Souris Razer,61.63,5,5,Peripherique,2025-11-30
1584,206,Souris Razer,63.46,2,0,Peripherique,2025-07-15
1585,200,Smartphone Samsung,543.96,4,20,Mobile,2025-06-22
1586,211,Casque Bose,313.58,3,5,Audio,2025-11-18
1587,212,Chargeur USB-C,31.37,1,10,Accessoire,2026-04-25
1588,200,Smartphone Samsung,551.2,3,15,Mobile,2025-04-15
1589,203,Tablette iPad,761.12,5,5,Mobile,2025-07-16
1590,209,Disque SSD 1TB,124.88,5,0,Stockage,2026-01-10
1591,210,Webcam Logitech,73.38,1,20,Peripherique,2025-09-18
1592,209,Disque SSD 1TB,118.52,1,20,Stockage,2026-04-05
1593,210,Webcam Logitech,78.85,5,0,Peripherique,2025-11-15
1594,211,Casque Bose,279.39,4,25,Audio,2026-02-25
1595,206,Souris Razer,62.81,2,0,Peripherique,2025-10-23
1596,212,Chargeur USB-C,31.02,2,5,Accessoire,2025-09-08
1597,205,Clavier Logitech,81.41,5,10,Peripherique,2025-12-06
1598,210,Webcam Logitech,73.85,5,10,Peripherique,2025-08-14
1599,206,Souris Razer,60.69,2,25,Peripherique,2026-03-22
1600,212,Chargeur USB-C,29.99,5,10,Accessoire,2026-04-28
1601,213,Hub USB,53.29,1,5,Accessoire,2025-11-01
1602,212,Chargeur USB-C,27.37,3,20,Accessoire,2025-05-24
1603,211,Casque Bose,287.14,3,10,Audio,2026-03-24
1604,209,Disque SSD 1TB,120.71,2,0,Stockage,2025-07-21
1605,206,Souris Razer,63.39,4,10,Peripherique,2025-08-19
1606,200,Smartphone Samsung,543.32,3,25,Mobile,2025-10-13
1607,205,Clavier Logitech,95.23,4,10,Peripherique,2026-03-20
1608,200,Smartphone Samsung,561.66,5,20,Mobile,2025-09-15
1609,213,Hub USB,46.28,3,5,Accessoire,2025-07-06
1610,214,Tapis de souris XL,24.15,5,0,Accessoire,2025-05-23
1611,214,Tapis de souris XL,26.08,5,0,Accessoire,2025-07-04
1612,202,Ecouteurs Sony,158.45,4,10,Audio,2025-04-12
1613,211,Casque Bose,321.44,5,10,Audio,2025-08-04
1614,208,Imprimante HP,217.77,5,5,Informatique,2026-04-22
1615,212,Chargeur USB-C,27.06,1,5,Accessoire,2025-04-03
1616,214,Tapis de souris XL,27.31,2,10,Accessoire,2026-04-06
1617,209,Disque SSD 1TB,117.65,5,10,Stockage,2025-09-22
1618,201,Laptop Dell,1219.93,3,25,Informatique,2025-05-26
1619,204,Montre Apple Watch,437.71,4,0,Wearable,2026-01-14
1620,211,Casque Bose,304.32,4,0,Audio,2026-02-06
1621,211,Casque Bose,315.1,2,10,Audio,2025-10-14
1622,213,Hub USB,54.07,2,15,Accessoire,2025-09-08
1623,208,Imprimante HP,201.65,5,15,Informatique,2025-12-03
1624,202,Ecouteurs Sony,137.5,5,0,Audio,2025-08-01
1625,212,Chargeur USB-C,31.2,5,20,Accessoire,2025-12-17
1626,214,Tapis de souris XL,26.8,3,20,Accessoire,2025-04-20
1627,214,Tapis de souris XL,23.65,1,25,Accessoire,2025-08-28
1628,212,Chargeur USB-C,32.59,5,15,Accessoire,2025-05-30
1629,209,Disque SSD 1TB,114.8,5,15,Stockage,2025-05-09
1630,209,Disque SSD 1TB,116.31,5,0,Stockage,2026-01-22
1631,212,Chargeur USB-C,30.19,3,10,Accessoire,2025-11-12
1632,209,Disque SSD 1TB,118.24,4,10,Stockage,2026-04-22
1633,205,Clavier Logitech,95.12,4,15,Peripherique,2025-12-12
1634,204,Montre Apple Watch,400.57,5,10,Wearable,2026-01-12
1635,207,Ecran LG 27,344.18,1,20,Affichage,2026-03-24
1636,206,Souris Razer,57.71,2,5,Peripherique,2026-03-24
1637,203,Tablette iPad,781.79,3,5,Mobile,2025-11-03
1638,206,Souris Razer,55.13,1,0,Peripherique,2025-10-25
1639,205,Clavier Logitech,97.32,3,25,Peripherique,2025-08-28
1640,213,Hub USB,47.21,4,5,Accessoire,2025-06-05
1641,202,Ecouteurs Sony,152.24,5,5,Audio,2025-04-23
1642,210,Webcam Logitech,87.56,3,10,Peripherique,2025-07-23
1643,203,Tablette iPad,877.69,5,5,Mobile,2025-11-28
1644,206,Souris Razer,54.52,4,20,Peripherique,2026-04-26
1645,214,Tapis de souris XL,26.33,4,10,Accessoire,2025-04-14
1646,205,Clavier Logitech,91.4,1,15,Peripherique,2025-05-04
1647,202,Ecouteurs Sony,136.84,2,5,Audio,2025-12-24
1648,213,Hub USB,53.2,4,15,Accessoire,2026-03-04
1649,202,Ecouteurs Sony,152.38,5,10,Audio,2026-03-26
1650,202,Ecouteurs Sony,152.1,2,5,Audio,2025-09-08
1651,201,Laptop Dell,1106.13,5,25,Informatique,2025-06-11
1652,213,Hub USB,53.59,3,10,Accessoire,2026-01-09
1653,206,Souris Razer,56.74,4,0,Peripherique,2025-05-11
1654,206,Souris Razer,57.88,3,10,Peripherique,2025-09-16
1655,205,Clavier Logitech,91.36,5,0,Peripherique,2025-05-06
1656,212,Chargeur USB-C,27.7,4,5,Accessoire,2026-04-19
1657,209,Disque SSD 1TB,125.73,4,20,Stockage,2025-06-01
1658,212,Chargeur USB-C,27.14,5,0,Accessoire,2026-02-09
1659,214,Tapis de souris XL,26.91,1,5,Accessoire,2025-06-07
1660,200,Smartphone Samsung,634.32,2,10,Mobile,2026-01-30
1661,212,Chargeur USB-C,29.64,1,5,Accessoire,2026-02-26
1662,205,Clavier Logitech,93.13,4,5,Peripherique,2025-04-11
1663,212,Chargeur USB-C,31.68,1,10,Accessoire,2025-11-30
1664,200,Smartphone Samsung,651.17,4,0,Mobile,2025-05-03
1665,210,Webcam Logitech,76.72,5,20,Peripherique,2025-10-22
1666,206,Souris Razer,65.61,4,25,Peripherique,2025-08-12
1667,213,Hub USB,47.42,4,0,Accessoire,2025-12-19
1668,205,Clavier Logitech,88.73,5,15,Peripherique,2025-08-09
1669,202,Ecouteurs Sony,140.74,4,15,Audio,2026-01-06
1670,203,Tablette iPad,767.93,1,0,Mobile,2026-02-10
1671,206,Souris Razer,63.02,3,10,Peripherique,2025-04-08
1672,214,Tapis de souris XL,27.31,2,5,Accessoire,2025-04-30
1673,213,Hub USB,50.2,3,5,Accessoire,2025-04-01
1674,214,Tapis de souris XL,23.29,1,5,Accessoire,2025-09-02
1675,204,Montre Apple Watch,362.68,4,0,Wearable,2025-07-25
1676,213,Hub USB,47.48,1,10,Accessoire,2026-01-21
1677,206,Souris Razer,65.66,1,15,Peripherique,2025-06-19
1678,213,Hub USB,49.56,2,0,Accessoire,2025-05-04
1679,212,Chargeur USB-C,29.18,5,10,Accessoire,2026-03-24
1680,205,Clavier Logitech,88.09,2,15,Peripherique,2025-04-13
1681,211,Casque Bose,306.49,2,10,Audio,2026-01-11
1682,211,Casque Bose,297.01,1,25,Audio,2025-07-29
1683,202,Ecouteurs Sony,151.9,1,5,Audio,2025-08-22
1684,213,Hub USB,51.65,4,0,Accessoire,2026-04-03
1685,210,Webcam Logitech,75.72,4,20,Peripherique,2026-02-05
1686,205,Clavier Logitech,96.46,4,10,Peripherique,2025-04-09
1687,214,Tapis de souris XL,27.14,4,0,Accessoire,2026-02-17
1688,206,Souris Razer,54.96,4,0,Peripherique,2025-12-18
1689,202,Ecouteurs Sony,136.9,1,0,Audio,2025-09-13
1690,202,Ecouteurs Sony,162.95,5,0,Audio,2025-07-05
1691,214,Tapis de souris XL,23.67,3,5,Accessoire,2026-03-03
1692,212,Chargeur USB-C,30.08,5,15,Accessoire,2026-01-11
1693,200,Smartphone Samsung,551.79,4,0,Mobile,2025-10-18
1694,202,Ecouteurs Sony,140.55,3,0,Audio,2025-05-29
1695,210,Webcam Logitech,85.03,1,10,Peripherique,2025-08-05
1696,213,Hub USB,52.64,3,0,Accessoire,2025-09-24
1697,209,Disque SSD 1TB,110.07,3,5,Stockage,2026-02-25
1698,209,Disque SSD 1TB,118.69,1,0,Stockage,2025-11-21
1699,214,Tapis de souris XL,25.43,3,0,Accessoire,2025-08-07
1700,210,Webcam Logitech,74.98,5,5,Peripherique,2025-04-13
1701,202,Ecouteurs Sony,163.62,4,10,Audio,2026-03-15
1702,201,Laptop Dell,1259.36,2,10,Informatique,2025-12-31
1703,200,Smartphone Samsung,652.75,2,0,Mobile,2025-05-12
1704,200,Smartphone Samsung,601.85,2,0,Mobile,2026-04-07
1705,205,Clavier Logitech,82.1,4,10,Peripherique,2026-04-24
1706,211,Casque Bose,275.64,4,5,Audio,2025-10-09
1707,214,Tapis de souris XL,23.2,1,5,Accessoire,2025-04-17
1708,203,Tablette iPad,787.94,3,0,Mobile,2025-07-24
1709,202,Ecouteurs Sony,145.1,4,0,Audio,2025-11-29
1710,205,Clavier Logitech,93.52,5,5,Peripherique,2025-05-26
1711,214,Tapis de souris XL,23.38,5,20,Accessoire,2026-01-02
1712,213,Hub USB,53.92,5,10,Accessoire,2025-12-20
1713,206,Souris Razer,63.34,3,0,Peripherique,2025-12-16
1714,211,Casque Bose,324.57,5,0,Audio,2025-05-04
1715,214,Tapis de souris XL,27.1,5,25,Accessoire,2025-11-20
1716,213,Hub USB,47.97,2,20,Accessoire,2025-09-12
1717,204,Montre Apple Watch,409.97,3,0,Wearable,2026-03-24
1718,212,Chargeur USB-C,31.09,2,15,Accessoire,2025-08-03
1719,205,Clavier Logitech,97.83,1,10,Peripherique,2025-11-01
1720,208,Imprimante HP,192.38,3,10,Informatique,2026-02-27
1721,213,Hub USB,51.69,2,20,Accessoire,2025-08-28
1722,213,Hub USB,52.73,1,15,Accessoire,2026-03-12
1723,212,Chargeur USB-C,31.56,3,0,Accessoire,2026-04-03
1724,206,Souris Razer,59.22,1,5,Peripherique,2026-01-10
1725,202,Ecouteurs Sony,136.87,3,5,Audio,2025-07-30
1726,202,Ecouteurs Sony,156.23,2,10,Audio,2026-03-28
1727,201,Laptop Dell,1081.24,4,5,Informatique,2026-01-04
1728,214,Tapis de souris XL,27.37,2,0,Accessoire,2025-07-25
1729,205,Clavier Logitech,83.56,3,0,Peripherique,2025-11-21
1730,214,Tapis de souris XL,25.63,2,10,Accessoire,2026-02-16
1731,210,Webcam Logitech,83.67,1,15,Peripherique,2026-02-16
1732,202,Ecouteurs Sony,135.0,2,0,Audio,2025-08-20
1733,213,Hub USB,45.36,4,0,Accessoire,2025-08-16
1734,210,Webcam Logitech,81.85,4,10,Peripherique,2025-05-22
1735,202,Ecouteurs Sony,145.89,3,0,Audio,2025-08-22
1736,210,Webcam Logitech,75.08,1,0,Peripherique,2025-12-08
1737,205,Clavier Logitech,84.98,1,20,Peripherique,2025-05-27
1738,209,Disque SSD 1TB,125.35,5,0,Stockage,2025-06-09
1739,212,Chargeur USB-C,29.54,4,25,Accessoire,2026-04-19
1740,206,Souris Razer,62.04,1,5,Peripherique,2025-04-13
1741,202,Ecouteurs Sony,135.49,1,10,Audio,2026-04-15
1742,200,Smartphone Samsung,592.77,2,5,Mobile,2025-05-19
1743,214,Tapis de souris XL,27.18,4,25,Accessoire,2026-03-07
1744,200,Smartphone Samsung,614.12,2,15,Mobile,2025-07-18
1745,212,Chargeur USB-C,31.17,1,5,Accessoire,2025-09-11
1746,212,Chargeur USB-C,30.96,2,10,Accessoire,2026-04-11
1747,202,Ecouteurs Sony,162.83,4,10,Audio,2025-05-07
1748,213,Hub USB,49.7,1,15,Accessoire,2025-05-20
1749,200,Smartphone Samsung,565.64,4,10,Mobile,2025-11-18
1750,214,Tapis de souris XL,27.33,2,5,Accessoire,2025-07-07
1751,212,Chargeur USB-C,32.3,2,25,Accessoire,2025-06-21
1752,214,Tapis de souris XL,25.53,2,0,Accessoire,2025-05-15
1753,209,Disque SSD 1TB,110.89,5,0,Stockage,2026-02-10
1754,203,Tablette iPad,805.11,1,0,Mobile,2025-04-06
1755,205,Clavier Logitech,89.42,2,0,Peripherique,2025-10-11
1756,201,Laptop Dell,1316.24,2,15,Informatique,2025-04-03
1757,206,Souris Razer,56.61,1,5,Peripherique,2025-09-13
1758,206,Souris Razer,57.73,2,0,Peripherique,2026-02-07
1759,210,Webcam Logitech,81.69,3,0,Peripherique,2025-08-25
1760,214,Tapis de souris XL,25.36,5,5,Accessoire,2025-08-10
1761,200,Smartphone Samsung,650.13,5,25,Mobile,2025-07-12
1762,208,Imprimante HP,207.13,4,10,Informatique,2025-05-18
1763,208,Imprimante HP,184.05,3,0,Informatique,2025-10-17
1764,205,Clavier Logitech,97.45,3,5,Peripherique,2025-06-03
1765,200,Smartphone Samsung,653.81,3,25,Mobile,2025-05-06
1766,212,Chargeur USB-C,31.55,1,0,Accessoire,2025-07-08
1767,214,Tapis de souris XL,23.8,5,25,Accessoire,2025-10-28
1768,213,Hub USB,45.27,2,10,Accessoire,2025-08-26
1769,206,Souris Razer,60.5,3,5,Peripherique,2025-10-16
1770,211,Casque Bose,314.84,4,0,Audio,2026-04-09
1771,204,Montre Apple Watch,378.32,1,10,Wearable,2025-04-15
1772,204,Montre Apple Watch,431.5,4,25,Wearable,2026-04-13
1773,203,Tablette iPad,861.34,4,0,Mobile,2025-07-21
1774,207,Ecran LG 27,316.91,1,0,Affichage,2026-01-31
1775,201,Laptop Dell,1244.94,4,15,Informatique,2026-02-06
1776,202,Ecouteurs Sony,160.06,3,5,Audio,2026-03-04
1777,209,Disque SSD 1TB,110.02,3,5,Stockage,2026-03-02
1778,210,Webcam Logitech,83.36,2,25,Peripherique,2026-04-22
1779,206,Souris Razer,54.05,5,10,Peripherique,2026-04-11
1780,210,Webcam Logitech,86.02,4,0,Peripherique,2026-02-28
1781,209,Disque SSD 1TB,126.21,1,5,Stockage,2025-10-12
1782,205,Clavier Logitech,94.51,4,5,Peripherique,2025-05-06
1783,202,Ecouteurs Sony,159.43,4,10,Audio,2026-01-30
1784,206,Souris Razer,62.08,4,10,Peripherique,2025-11-30
1785,212,Chargeur USB-C,28.56,5,5,Accessoire,2025-07-08
1786,214,Tapis de souris XL,27.19,1,0,Accessoire,2026-01-20
1787,204,Montre Apple Watch,403.56,2,0,Wearable,2026-01-04
1788,213,Hub USB,52.18,1,5,Accessoire,2025-09-19
1789,212,Chargeur USB-C,31.11,3,20,Accessoire,2025-09-27
1790,213,Hub USB,47.1,3,20,Accessoire,2026-03-17
1791,208,Imprimante HP,185.42,1,10,Informatique,2025-07-27
1792,200,Smartphone Samsung,588.85,2,20,Mobile,2026-04-10
1793,202,Ecouteurs Sony,145.69,3,0,Audio,2026-04-18
1794,207,Ecran LG 27,365.25,2,0,Affichage,2026-03-12
1795,202,Ecouteurs Sony,143.13,5,5,Audio,2025-04-07
1796,214,Tapis de souris XL,22.51,3,0,Accessoire,2026-04-08
1797,212,Chargeur USB-C,28.83,5,25,Accessoire,2026-04-10
1798,206,Souris Razer,63.42,4,0,Peripherique,2025-12-20
1799,212,Chargeur USB-C,32.74,5,25,Accessoire,2026-01-08
1800,206,Souris Razer,62.05,5,0,Peripherique,2025-10-28
1801,202,Ecouteurs Sony,163.13,3,25,Audio,2025-08-23
1802,214,Tapis de souris XL,26.89,4,15,Accessoire,2025-11-28
1803,207,Ecran LG 27,383.15,2,5,Affichage,2025-07-02
1804,205,Clavier Logitech,92.15,5,0,Peripherique,2025-09-27
1805,213,Hub USB,50.57,5,0,Accessoire,2025-06-11
1806,203,Tablette iPad,750.08,2,10,Mobile,2025-09-27
1807,206,Souris Razer,58.39,4,20,Peripherique,2025-06-10
1808,209,Disque SSD 1TB,111.56,3,0,Stockage,2026-02-21
1809,206,Souris Razer,63.13,5,5,Peripherique,2025-08-28
1810,203,Tablette iPad,823.83,1,0,Mobile,2025-09-03
1811,213,Hub USB,46.49,2,0,Accessoire,2025-07-25
1812,214,Tapis de souris XL,22.66,3,25,Accessoire,2026-02-06
1813,202,Ecouteurs Sony,160.26,1,20,Audio,2025-05-03
1814,214,Tapis de souris XL,26.97,4,0,Accessoire,2025-05-12
1815,202,Ecouteurs Sony,159.53,1,0,Audio,2026-04-14
1816,212,Chargeur USB-C,31.13,4,10,Accessoire,2026-01-20
1817,208,Imprimante HP,180.59,3,25,Informatique,2026-02-07
1818,211,Casque Bose,320.5,1,10,Audio,2025-12-19
1819,214,Tapis de souris XL,23.97,4,5,Accessoire,2025-05-21
1820,214,Tapis de souris XL,23.14,3,0,Accessoire,2025-11-02
1821,205,Clavier Logitech,89.45,5,0,Peripherique,2026-01-13
1822,209,Disque SSD 1TB,116.96,2,0,Stockage,2025-06-01
1823,206,Souris Razer,62.68,5,10,Peripherique,2025-07-10
1824,209,Disque SSD 1TB,109.41,5,0,Stockage,2025-06-04
1825,204,Montre Apple Watch,377.94,4,25,Wearable,2025-12-02
1826,200,Smartphone Samsung,601.63,4,5,Mobile,2026-02-28
1827,212,Chargeur USB-C,31.12,3,15,Accessoire,2025-05-10
1828,210,Webcam Logitech,76.27,4,15,Peripherique,2025-05-10
1829,212,Chargeur USB-C,28.01,5,15,Accessoire,2025-08-07
1830,200,Smartphone Samsung,549.52,2,0,Mobile,2025-12-27
1831,212,Chargeur USB-C,30.83,5,20,Accessoire,2026-01-09
1832,210,Webcam Logitech,76.2,4,0,Peripherique,2025-11-20
1833,206,Souris Razer,56.2,4,25,Peripherique,2025-06-21
1834,202,Ecouteurs Sony,135.0,4,15,Audio,2025-09-09
1835,205,Clavier Logitech,94.73,1,5,Peripherique,2025-08-22
1836,206,Souris Razer,58.26,5,0,Peripherique,2025-05-21
1837,208,Imprimante HP,203.68,3,5,Informatique,2026-04-03
1838,213,Hub USB,53.81,2,5,Accessoire,2025-06-12
1839,210,Webcam Logitech,86.16,4,0,Peripherique,2026-02-24
1840,202,Ecouteurs Sony,139.51,2,10,Audio,2025-04-22
1841,210,Webcam Logitech,86.73,2,0,Peripherique,2025-11-25
1842,210,Webcam Logitech,74.9,5,10,Peripherique,2025-05-15
1843,202,Ecouteurs Sony,148.45,4,25,Audio,2026-04-24
1844,209,Disque SSD 1TB,108.62,1,25,Stockage,2025-08-09
1845,200,Smartphone Samsung,655.79,1,10,Mobile,2025-09-30
1846,213,Hub USB,54.75,2,5,Accessoire,2026-03-05
1847,214,Tapis de souris XL,25.01,3,25,Accessoire,2025-09-28
1848,206,Souris Razer,65.31,2,10,Peripherique,2025-05-16
1849,200,Smartphone Samsung,547.79,4,10,Mobile,2025-09-27
1850,210,Webcam Logitech,84.1,2,20,Peripherique,2026-04-22
1851,205,Clavier Logitech,91.76,1,0,Peripherique,2025-05-13
1852,210,Webcam Logitech,77.88,4,0,Peripherique,2025-08-06
1853,209,Disque SSD 1TB,119.68,1,20,Stockage,2026-01-27
1854,214,Tapis de souris XL,25.88,3,15,Accessoire,2025-06-22
1855,209,Disque SSD 1TB,121.61,1,0,Stockage,2026-01-15
1856,205,Clavier Logitech,88.44,1,25,Peripherique,2025-07-27
1857,200,Smartphone Samsung,602.23,2,0,Mobile,2025-06-28
1858,205,Clavier Logitech,81.0,2,10,Peripherique,2025-11-29
1859,201,Laptop Dell,1126.24,1,0,Informatique,2025-10-30
1860,203,Tablette iPad,756.98,2,20,Mobile,2025-05-14
1861,213,Hub USB,45.63,3,0,Accessoire,2026-01-23
1862,212,Chargeur USB-C,31.54,5,5,Accessoire,2025-08-18
1863,212,Chargeur USB-C,29.76,1,10,Accessoire,2026-01-29
1864,202,Ecouteurs Sony,156.98,4,25,Audio,2025-11-13
1865,214,Tapis de souris XL,24.71,3,10,Accessoire,2025-08-03
1866,214,Tapis de souris XL,25.21,3,15,Accessoire,2025-08-18
1867,206,Souris Razer,56.67,4,5,Peripherique,2026-04-24
1868,211,Casque Bose,292.02,1,5,Audio,2025-08-15
1869,205,Clavier Logitech,88.43,5,5,Peripherique,2025-05-26
1870,209,Disque SSD 1TB,125.04,2,0,Stockage,2025-04-20
1871,206,Souris Razer,62.6,3,25,Peripherique,2025-12-02
1872,204,Montre Apple Watch,402.75,5,0,Wearable,2025-10-14
1873,203,Tablette iPad,812.2,2,0,Mobile,2025-07-08
1874,210,Webcam Logitech,85.69,2,25,Peripherique,2025-09-29
1875,214,Tapis de souris XL,24.88,2,25,Accessoire,2026-04-24
1876,202,Ecouteurs Sony,147.48,5,20,Audio,2025-12-25
1877,200,Smartphone Samsung,617.55,1,10,Mobile,2026-01-08
1878,206,Souris Razer,54.5,4,5,Peripherique,2025-09-25
1879,211,Casque Bose,281.27,5,5,Audio,2025-09-06
1880,207,Ecran LG 27,371.83,1,15,Affichage,2025-10-20
1881,205,Clavier Logitech,89.25,5,15,Peripherique,2025-06-08
1882,214,Tapis de souris XL,24.52,4,10,Accessoire,2025-04-27
1883,206,Souris Razer,57.45,3,20,Peripherique,2025-11-23
1884,211,Casque Bose,297.77,2,5,Audio,2025-12-01
1885,200,Smartphone Samsung,578.01,2,20,Mobile,2025-10-25
1886,207,Ecran LG 27,383.45,4,15,Affichage,2025-10-11
1887,210,Webcam Logitech,79.07,2,0,Peripherique,2026-03-13
1888,207,Ecran LG 27,338.9,5,0,Affichage,2025-07-20
1889,201,Laptop Dell,1224.58,1,25,Informatique,2026-02-04
1890,204,Montre Apple Watch,394.55,4,20,Wearable,2026-04-26
1891,211,Casque Bose,327.44,5,25,Audio,2026-02-23
1892,209,Disque SSD 1TB,118.64,3,0,Stockage,2025-10-09
1893,212,Chargeur USB-C,29.14,2,10,Accessoire,2025-07-15
1894,205,Clavier Logitech,85.53,1,0,Peripherique,2025-06-16
1895,204,Montre Apple Watch,402.49,3,0,Wearable,2026-02-05
1896,200,Smartphone Samsung,602.37,5,5,Mobile,2025-07-06
1897,210,Webcam Logitech,86.3,1,5,Peripherique,2025-09-14
1898,206,Souris Razer,57.47,4,0,Peripherique,2025-04-02
1899,213,Hub USB,51.07,3,20,Accessoire,2025-06-08
1900,209,Disque SSD 1TB,123.18,3,0,Stockage,2025-08-12
1901,214,Tapis de souris XL,24.74,5,0,Accessoire,2025-10-19
1902,207,Ecran LG 27,354.75,1,5,Affichage,2025-12-28
1903,210,Webcam Logitech,87.44,2,15,Peripherique,2025-07-06
1904,205,Clavier Logitech,96.13,1,15,Peripherique,2025-07-05
1905,206,Souris Razer,64.02,2,0,Peripherique,2025-06-19
1906,205,Clavier Logitech,97.25,3,0,Peripherique,2026-03-06
1907,214,Tapis de souris XL,23.33,4,15,Accessoire,2025-10-22
1908,202,Ecouteurs Sony,136.67,1,25,Audio,2025-11-05
1909,214,Tapis de souris XL,24.4,5,0,Accessoire,2026-02-24
1910,212,Chargeur USB-C,28.05,2,15,Accessoire,2026-03-09
1911,202,Ecouteurs Sony,137.24,1,0,Audio,2025-09-07
1912,212,Chargeur USB-C,32.18,3,20,Accessoire,2025-11-27
1913,208,Imprimante HP,214.49,5,0,Informatique,2026-03-16
1914,204,Montre Apple Watch,371.07,1,10,Wearable,2025-07-30
1915,200,Smartphone Samsung,621.28,2,0,Mobile,2026-01-12
1916,203,Tablette iPad,805.96,3,10,Mobile,2026-02-28
1917,211,Casque Bose,283.31,3,0,Audio,2025-11-07
1918,213,Hub USB,50.65,2,15,Accessoire,2026-02-27
1919,204,Montre Apple Watch,387.86,4,5,Wearable,2025-08-02
1920,212,Chargeur USB-C,31.61,5,0,Accessoire,2025-09-03
1921,209,Disque SSD 1TB,124.12,3,0,Stockage,2025-05-07
1922,209,Disque SSD 1TB,111.63,2,0,Stockage,2025-08-14
1923,212,Chargeur USB-C,27.09,1,5,Accessoire,2026-02-02
1924,214,Tapis de souris XL,26.34,5,10,Accessoire,2025-10-06
1925,213,Hub USB,51.03,5,10,Accessoire,2025-04-13
1926,212,Chargeur USB-C,32.8,1,10,Accessoire,2026-03-02
1927,204,Montre Apple Watch,420.11,3,5,Wearable,2025-07-12
1928,209,Disque SSD 1TB,108.43,1,0,Stockage,2025-08-20
1929,207,Ecran LG 27,351.73,2,0,Affichage,2025-08-21
1930,202,Ecouteurs Sony,141.09,3,25,Audio,2025-12-25
1931,208,Imprimante HP,189.28,2,15,Informatique,2025-06-19
1932,208,Imprimante HP,198.86,5,15,Informatique,2025-12-09
1933,202,Ecouteurs Sony,139.8,4,0,Audio,2025-04-05
1934,212,Chargeur USB-C,32.98,5,20,Accessoire,2025-12-08
1935,204,Montre Apple Watch,403.7,4,20,Wearable,2025-06-24
1936,202,Ecouteurs Sony,155.03,3,0,Audio,2025-10-02
1937,202,Ecouteurs Sony,158.27,2,25,Audio,2026-04-28
1938,209,Disque SSD 1TB,117.62,4,10,Stockage,2025-04-04
1939,212,Chargeur USB-C,27.42,4,0,Accessoire,2026-03-11
1940,206,Souris Razer,54.72,5,0,Peripherique,2025-04-12
1941,201,Laptop Dell,1103.86,4,0,Informatique,2026-01-08
1942,212,Chargeur USB-C,29.97,1,20,Accessoire,2026-01-17
1943,202,Ecouteurs Sony,163.99,4,15,Audio,2025-05-16
1944,208,Imprimante HP,203.98,2,0,Informatique,2025-04-17
1945,212,Chargeur USB-C,28.29,5,0,Accessoire,2025-08-18
1946,212,Chargeur USB-C,32.41,1,5,Accessoire,2025-12-05
1947,209,Disque SSD 1TB,125.1,2,15,Stockage,2025-09-13
1948,210,Webcam Logitech,79.15,3,5,Peripherique,2025-06-29
1949,212,Chargeur USB-C,32.87,5,0,Accessoire,2026-04-17
1950,212,Chargeur USB-C,31.37,3,20,Accessoire,2025-09-06
1951,204,Montre Apple Watch,369.16,3,0,Wearable,2025-10-08
1952,204,Montre Apple Watch,378.67,4,5,Wearable,2026-02-21
1953,211,Casque Bose,288.71,4,5,Audio,2025-05-16
1954,205,Clavier Logitech,88.26,4,10,Peripherique,2025-05-28
1955,209,Disque SSD 1TB,122.16,1,25,Stockage,2025-04-01
1956,208,Imprimante HP,184.21,4,15,Informatique,2025-05-01
1957,204,Montre Apple Watch,404.96,3,0,Wearable,2025-10-16
1958,213,Hub USB,50.44,2,10,Accessoire,2025-08-30
1959,208,Imprimante HP,184.56,4,25,Informatique,2025-11-18
1960,209,Disque SSD 1TB,110.98,3,0,Stockage,2026-03-22
1961,203,Tablette iPad,809.84,5,10,Mobile,2025-06-16
1962,204,Montre Apple Watch,392.96,3,5,Wearable,2025-12-15
1963,211,Casque Bose,296.37,3,5,Audio,2025-06-28
1964,206,Souris Razer,56.05,5,10,Peripherique,2025-10-21
1965,206,Souris Razer,62.64,1,0,Peripherique,2025-12-23
1966,206,Souris Razer,61.48,3,0,Peripherique,2025-11-18
1967,205,Clavier Logitech,83.21,1,20,Peripherique,2025-05-22
1968,213,Hub USB,53.56,5,0,Accessoire,2025-11-07
1969,202,Ecouteurs Sony,144.31,3,10,Audio,2025-12-02
1970,212,Chargeur USB-C,29.55,1,25,Accessoire,2026-03-29
1971,213,Hub USB,53.81,4,5,Accessoire,2026-03-18
1972,203,Tablette iPad,733.05,5,25,Mobile,2026-01-25
1973,212,Chargeur USB-C,27.84,5,20,Accessoire,2026-02-01
1974,205,Clavier Logitech,96.16,5,5,Peripherique,2026-02-16
1975,206,Souris Razer,57.79,1,10,Peripherique,2025-09-27
1976,207,Ecran LG 27,348.37,4,25,Affichage,2025-12-29
1977,206,Souris Razer,61.47,4,0,Peripherique,2026-02-28
1978,210,Webcam Logitech,82.33,3,15,Peripherique,2025-08-03
1979,214,Tapis de souris XL,24.71,3,0,Accessoire,2025-12-10
1980,208,Imprimante HP,213.44,3,15,Informatique,2025-09-20
1981,204,Montre Apple Watch,438.41,2,10,Wearable,2025-11-26
1982,213,Hub USB,48.34,1,20,Accessoire,2025-09-29
1983,206,Souris Razer,56.42,1,0,Peripherique,2026-04-18
1984,200,Smartphone Samsung,635.07,2,10,Mobile,2025-09-16
1985,213,Hub USB,53.57,2,5,Accessoire,2025-07-26
1986,213,Hub USB,47.07,4,5,Accessoire,2025-04-29
1987,214,Tapis de souris XL,24.16,2,25,Accessoire,2025-09-06
1988,203,Tablette iPad,834.53,3,15,Mobile,2026-02-18
1989,209,Disque SSD 1TB,124.45,5,10,Stockage,2025-04-17
1990,205,Clavier Logitech,86.79,1,25,Peripherique,2026-04-10
1991,210,Webcam Logitech,82.28,3,5,Peripherique,2025-04-22
1992,203,Tablette iPad,775.38,4,20,Mobile,2026-03-07
1993,205,Clavier Logitech,88.8,2,10,Peripherique,2025-08-02
1994,214,Tapis de souris XL,27.46,3,25,Accessoire,2025-08-22
1995,202,Ecouteurs Sony,136.73,3,15,Audio,2025-12-30
1996,214,Tapis de souris XL,27.42,3,0,Accessoire,2025-11-14
1997,208,Imprimante HP,199.59,5,10,Informatique,2025-10-25
1998,212,Chargeur USB-C,32.37,2,20,Accessoire,2025-04-07
1999,202,Ecouteurs Sony,136.12,3,15,Audio,2025-10-08
2000,205,Clavier Logitech,97.42,3,0,Peripherique,2025-06-04
2001,214,Tapis de souris XL,26.16,4,10,Accessoire,2025-09-13
2002,203,Tablette iPad,817.63,4,10,Mobile,2025-06-30
2003,203,Tablette iPad,733.86,3,10,Mobile,2025-12-15
2004,212,Chargeur USB-C,27.55,1,10,Accessoire,2026-03-27
2005,203,Tablette iPad,869.59,4,10,Mobile,2025-04-18
2006,213,Hub USB,48.06,1,15,Accessoire,2026-03-13
2007,213,Hub USB,47.25,5,5,Accessoire,2026-01-13
2008,210,Webcam Logitech,81.49,4,0,Peripherique,2026-02-06
2009,205,Clavier Logitech,92.35,2,5,Peripherique,2026-03-22
2010,200,Smartphone Samsung,638.68,3,10,Mobile,2025-10-19
2011,211,Casque Bose,316.25,1,20,Audio,2026-04-02
2012,200,Smartphone Samsung,658.71,3,10,Mobile,2025-06-19
2013,200,Smartphone Samsung,583.54,2,5,Mobile,2025-10-02
2014,208,Imprimante HP,203.46,4,10,Informatique,2025-11-20
2015,202,Ecouteurs Sony,144.63,1,20,Audio,2026-03-09
2016,203,Tablette iPad,788.39,3,5,Mobile,2025-08-12
2017,214,Tapis de souris XL,27.46,5,25,Accessoire,2025-04-07
2018,214,Tapis de souris XL,22.74,4,0,Accessoire,2025-08-26
2019,200,Smartphone Samsung,599.87,5,25,Mobile,2025-06-27
2020,210,Webcam Logitech,74.29,2,10,Peripherique,2025-08-25
2021,206,Souris Razer,58.98,4,20,Peripherique,2025-04-19
2022,205,Clavier Logitech,83.5,4,0,Peripherique,2025-09-08
2023,208,Imprimante HP,219.21,5,15,Informatique,2026-01-06
2024,202,Ecouteurs Sony,163.97,5,0,Audio,2026-02-13
2025,212,Chargeur USB-C,30.05,3,15,Accessoire,2025-04-16
2026,211,Casque Bose,310.87,5,10,Audio,2026-04-11
2027,206,Souris Razer,64.15,2,25,Peripherique,2025-10-03
2028,202,Ecouteurs Sony,155.82,4,20,Audio,2025-05-31
2029,211,Casque Bose,285.74,1,10,Audio,2025-05-11
2030,211,Casque Bose,287.0,1,25,Audio,2025-10-22
2031,201,Laptop Dell,1269.86,2,0,Informatique,2025-04-30
2032,214,Tapis de souris XL,26.98,5,10,Accessoire,2025-10-14
2033,212,Chargeur USB-C,28.93,1,20,Accessoire,2026-04-29
2034,213,Hub USB,46.48,4,20,Accessoire,2025-12-22
2035,206,Souris Razer,58.32,4,5,Peripherique,2025-06-11
2036,212,Chargeur USB-C,28.78,2,10,Accessoire,2026-01-02
2037,208,Imprimante HP,218.84,3,10,Informatique,2025-08-06
2038,207,Ecran LG 27,332.4,2,10,Affichage,2026-01-06
2039,202,Ecouteurs Sony,158.29,3,5,Audio,2025-07-13
2040,205,Clavier Logitech,94.67,1,25,Peripherique,2025-05-21
2041,214,Tapis de souris XL,27.42,2,10,Accessoire,2026-02-01
2042,214,Tapis de souris XL,27.2,5,5,Accessoire,2025-08-09
2043,201,Laptop Dell,1239.68,2,15,Informatique,2025-09-09
2044,214,Tapis de souris XL,24.83,2,20,Accessoire,2025-08-12
2045,214,Tapis de souris XL,25.21,5,0,Accessoire,2025-11-06
2046,200,Smartphone Samsung,659.7,2,25,Mobile,2026-03-24
2047,212,Chargeur USB-C,29.15,1,20,Accessoire,2026-02-13
2048,214,Tapis de souris XL,24.92,2,15,Accessoire,2025-05-07
2049,202,Ecouteurs Sony,164.72,5,25,Audio,2025-07-17
2050,209,Disque SSD 1TB,131.87,2,10,Stockage,2025-10-22
2051,202,Ecouteurs Sony,151.99,1,0,Audio,2026-01-02
2052,204,Montre Apple Watch,409.18,1,10,Wearable,2026-04-22
2053,214,Tapis de souris XL,23.4,1,5,Accessoire,2026-01-10
2054,202,Ecouteurs Sony,145.63,4,20,Audio,2025-10-20
2055,203,Tablette iPad,757.56,5,0,Mobile,2026-01-05
2056,207,Ecran LG 27,347.55,3,0,Affichage,2025-11-08
2057,213,Hub USB,45.58,3,20,Accessoire,2026-04-04
2058,200,Smartphone Samsung,611.05,1,0,Mobile,2025-10-23
2059,206,Souris Razer,64.58,3,15,Peripherique,2025-05-10
2060,202,Ecouteurs Sony,159.03,4,5,Audio,2026-01-24
2061,209,Disque SSD 1TB,131.18,4,20,Stockage,2025-04-15
2062,204,Montre Apple Watch,439.55,3,0,Wearable,2026-02-25
2063,210,Webcam Logitech,82.57,1,5,Peripherique,2025-11-07
2064,210,Webcam Logitech,74.42,1,25,Peripherique,2026-01-07
2065,205,Clavier Logitech,84.89,4,5,Peripherique,2025-09-15
2066,210,Webcam Logitech,84.9,3,0,Peripherique,2026-01-26
2067,204,Montre Apple Watch,430.1,1,0,Wearable,2025-05-19
2068,209,Disque SSD 1TB,110.49,4,5,Stockage,2026-04-04
2069,204,Montre Apple Watch,428.94,1,5,Wearable,2025-06-09
2070,209,Disque SSD 1TB,125.31,2,5,Stockage,2026-02-09
2071,209,Disque SSD 1TB,127.25,1,10,Stockage,2025-12-01
2072,202,Ecouteurs Sony,162.93,4,15,Audio,2025-09-26
2073,203,Tablette iPad,767.38,1,10,Mobile,2025-08-04
2074,213,Hub USB,47.95,2,25,Accessoire,2026-01-07
2075,210,Webcam Logitech,82.87,1,15,Peripherique,2025-04-19
2076,213,Hub USB,50.57,4,20,Accessoire,2025-05-11
2077,204,Montre Apple Watch,418.84,1,0,Wearable,2025-07-13
2078,211,Casque Bose,289.49,5,25,Audio,2025-09-27
2079,205,Clavier Logitech,97.12,5,5,Peripherique,2025-09-11
2080,207,Ecran LG 27,372.84,1,20,Affichage,2025-08-27
2081,202,Ecouteurs Sony,136.4,3,20,Audio,2025-07-23
2082,211,Casque Bose,317.72,2,0,Audio,2026-02-13
2083,201,Laptop Dell,1164.22,5,25,Informatique,2025-11-16
2084,207,Ecran LG 27,364.22,5,5,Affichage,2026-03-15
2085,210,Webcam Logitech,75.25,5,10,Peripherique,2025-05-10
2086,202,Ecouteurs Sony,138.46,5,25,Audio,2025-05-17
2087,205,Clavier Logitech,93.0,4,0,Peripherique,2026-03-17
2088,205,Clavier Logitech,89.15,2,0,Peripherique,2026-04-21
2089,214,Tapis de souris XL,27.19,3,25,Accessoire,2026-01-17
2090,206,Souris Razer,65.06,1,15,Peripherique,2025-05-13
2091,205,Clavier Logitech,90.55,5,0,Peripherique,2025-07-22
2092,209,Disque SSD 1TB,116.9,3,15,Stockage,2025-08-16
2093,200,Smartphone Samsung,608.15,3,0,Mobile,2025-08-22
2094,214,Tapis de souris XL,25.36,2,0,Accessoire,2025-07-28
2095,203,Tablette iPad,736.68,2,0,Mobile,2025-11-13
2096,206,Souris Razer,59.58,3,5,Peripherique,2025-08-08
2097,210,Webcam Logitech,72.92,3,5,Peripherique,2025-07-02
2098,208,Imprimante HP,182.32,4,20,Informatique,2026-01-15
2099,204,Montre Apple Watch,413.64,3,0,Wearable,2026-01-29
2100,204,Montre Apple Watch,392.62,4,5,Wearable,2025-05-07
2101,202,Ecouteurs Sony,164.84,1,0,Audio,2025-06-08
2102,212,Chargeur USB-C,31.44,5,0,Accessoire,2025-09-17
2103,200,Smartphone Samsung,625.55,3,25,Mobile,2025-07-03
2104,210,Webcam Logitech,85.14,5,20,Peripherique,2025-04-24
2105,212,Chargeur USB-C,31.16,2,20,Accessoire,2025-10-11
2106,212,Chargeur USB-C,31.02,2,5,Accessoire,2025-11-03
2107,214,Tapis de souris XL,24.35,2,5,Accessoire,2026-04-04
2108,204,Montre Apple Watch,379.97,1,5,Wearable,2025-05-17
2109,205,Clavier Logitech,96.37,2,0,Peripherique,2025-07-19
2110,208,Imprimante HP,213.85,2,15,Informatique,2025-05-05
2111,212,Chargeur USB-C,32.94,4,10,Accessoire,2025-07-19
2112,207,Ecran LG 27,356.24,5,0,Affichage,2025-04-09
2113,203,Tablette iPad,845.38,5,5,Mobile,2025-09-03
2114,212,Chargeur USB-C,30.1,1,0,Accessoire,2025-07-26
2115,213,Hub USB,48.24,3,0,Accessoire,2025-05-20
2116,205,Clavier Logitech,97.09,3,25,Peripherique,2025-05-29
2117,213,Hub USB,49.48,3,10,Accessoire,2025-08-04
2118,210,Webcam Logitech,79.02,2,0,Peripherique,2025-09-17
2119,214,Tapis de souris XL,26.28,2,0,Accessoire,2025-11-02
2120,213,Hub USB,47.21,1,5,Accessoire,2026-02-04
2121,204,Montre Apple Watch,403.91,2,5,Wearable,2025-12-19
2122,201,Laptop Dell,1169.21,2,0,Informatique,2026-02-09
2123,213,Hub USB,54.64,5,10,Accessoire,2025-09-13
2124,213,Hub USB,50.54,3,5,Accessoire,2026-03-22
2125,205,Clavier Logitech,90.12,5,15,Peripherique,2025-07-15
2126,202,Ecouteurs Sony,136.79,2,0,Audio,2025-11-11
2127,203,Tablette iPad,734.65,4,5,Mobile,2025-11-19
2128,203,Tablette iPad,868.05,4,0,Mobile,2025-10-21
2129,211,Casque Bose,317.46,4,5,Audio,2026-02-11
2130,212,Chargeur USB-C,31.46,1,0,Accessoire,2026-02-10
2131,206,Souris Razer,54.44,4,0,Peripherique,2025-08-31
2132,206,Souris Razer,56.74,4,10,Peripherique,2025-07-13
2133,206,Souris Razer,61.04,1,0,Peripherique,2025-12-11
2134,212,Chargeur USB-C,32.03,5,10,Accessoire,2025-12-13
2135,203,Tablette iPad,723.74,1,0,Mobile,2025-09-21
2136,207,Ecran LG 27,367.08,5,15,Affichage,2026-03-08
2137,214,Tapis de souris XL,26.55,2,5,Accessoire,2025-12-22
2138,207,Ecran LG 27,330.34,4,15,Affichage,2025-09-18
2139,210,Webcam Logitech,74.84,3,5,Peripherique,2025-04-26
2140,200,Smartphone Samsung,579.53,4,0,Mobile,2025-04-16
2141,204,Montre Apple Watch,428.31,2,20,Wearable,2026-02-19
2142,212,Chargeur USB-C,28.75,2,0,Accessoire,2026-04-19
2143,212,Chargeur USB-C,29.44,2,0,Accessoire,2025-04-15
2144,202,Ecouteurs Sony,143.7,1,0,Audio,2026-03-31
2145,211,Casque Bose,278.75,4,20,Audio,2026-02-12
2146,212,Chargeur USB-C,32.07,5,0,Accessoire,2025-04-26
2147,214,Tapis de souris XL,26.96,4,0,Accessoire,2025-08-19
2148,214,Tapis de souris XL,25.78,5,10,Accessoire,2025-10-07
2149,210,Webcam Logitech,74.65,4,10,Peripherique,2025-05-17
2150,205,Clavier Logitech,89.7,5,5,Peripherique,2025-08-06
2151,213,Hub USB,51.83,4,0,Accessoire,2025-09-08
2152,210,Webcam Logitech,85.76,1,25,Peripherique,2025-09-29
2153,213,Hub USB,51.54,5,0,Accessoire,2025-07-05
2154,212,Chargeur USB-C,31.85,1,5,Accessoire,2026-01-13
2155,209,Disque SSD 1TB,131.9,4,10,Stockage,2025-05-20
2156,202,Ecouteurs Sony,163.81,1,0,Audio,2026-03-08
2157,212,Chargeur USB-C,31.26,2,10,Accessoire,2025-06-17
2158,202,Ecouteurs Sony,162.14,1,15,Audio,2025-04-01
2159,202,Ecouteurs Sony,142.48,2,0,Audio,2025-11-13
2160,206,Souris Razer,62.6,3,10,Peripherique,2025-11-06
2161,210,Webcam Logitech,84.84,2,0,Peripherique,2025-05-11
2162,214,Tapis de souris XL,24.47,4,5,Accessoire,2025-07-21
2163,212,Chargeur USB-C,32.9,3,5,Accessoire,2026-04-20
2164,202,Ecouteurs Sony,164.64,4,5,Audio,2025-12-20
2165,206,Souris Razer,61.47,5,0,Peripherique,2026-01-03
2166,206,Souris Razer,61.41,2,20,Peripherique,2026-02-27
2167,206,Souris Razer,55.24,5,10,Peripherique,2025-04-10
2168,205,Clavier Logitech,90.25,3,0,Peripherique,2025-07-15
2169,210,Webcam Logitech,77.2,3,0,Peripherique,2025-10-22
2170,206,Souris Razer,56.47,4,20,Peripherique,2025-10-21
2171,206,Souris Razer,58.63,3,15,Peripherique,2026-03-26
2172,209,Disque SSD 1TB,128.37,3,5,Stockage,2025-07-23
2173,208,Imprimante HP,201.95,2,10,Informatique,2025-09-10
2174,200,Smartphone Samsung,632.87,3,20,Mobile,2025-09-13
2175,210,Webcam Logitech,78.96,3,0,Peripherique,2026-04-18
2176,214,Tapis de souris XL,23.05,1,15,Accessoire,2025-10-09
2177,200,Smartphone Samsung,607.37,1,0,Mobile,2026-03-29
2178,207,Ecran LG 27,333.25,1,5,Affichage,2026-03-11
2179,213,Hub USB,50.36,4,5,Accessoire,2025-05-15
2180,208,Imprimante HP,204.79,1,0,Informatique,2025-05-19
2181,206,Souris Razer,65.69,2,20,Peripherique,2026-01-17
2182,202,Ecouteurs Sony,162.42,4,10,Audio,2026-04-28
2183,209,Disque SSD 1TB,116.88,5,0,Stockage,2025-08-12
2184,214,Tapis de souris XL,24.18,5,10,Accessoire,2026-01-02
2185,212,Chargeur USB-C,31.46,1,0,Accessoire,2026-03-29
2186,209,Disque SSD 1TB,129.93,2,0,Stockage,2025-05-03
2187,204,Montre Apple Watch,403.41,4,0,Wearable,2026-01-29
2188,210,Webcam Logitech,73.05,3,5,Peripherique,2025-05-09
2189,212,Chargeur USB-C,31.66,2,15,Accessoire,2025-06-25
2190,212,Chargeur USB-C,30.22,4,0,Accessoire,2025-08-28
2191,201,Laptop Dell,1220.13,4,0,Informatique,2025-05-06
2192,213,Hub USB,45.07,3,0,Accessoire,2025-09-13
2193,205,Clavier Logitech,88.05,3,5,Peripherique,2025-12-14
2194,201,Laptop Dell,1156.86,1,20,Informatique,2026-01-22
2195,202,Ecouteurs Sony,161.68,4,25,Audio,2025-06-08
2196,212,Chargeur USB-C,28.59,2,0,Accessoire,2025-05-31
2197,213,Hub USB,50.17,2,20,Accessoire,2025-04-18
2198,211,Casque Bose,305.11,3,5,Audio,2026-04-06
2199,200,Smartphone Samsung,573.57,2,10,Mobile,2025-04-01
2200,203,Tablette iPad,787.7,4,10,Mobile,2026-01-10
2201,206,Souris Razer,56.99,1,15,Peripherique,2025-08-15
2202,212,Chargeur USB-C,29.84,4,0,Accessoire,2025-08-01
2203,202,Ecouteurs Sony,161.15,4,5,Audio,2025-10-30
2204,211,Casque Bose,320.21,1,0,Audio,2025-10-01
2205,204,Montre Apple Watch,385.82,3,0,Wearable,2025-11-12
2206,205,Clavier Logitech,82.61,3,10,Peripherique,2025-11-14
2207,210,Webcam Logitech,75.49,1,5,Peripherique,2026-03-14
2208,213,Hub USB,51.37,2,10,Accessoire,2026-02-27
2209,208,Imprimante HP,193.82,5,5,Informatique,2025-06-09
2210,212,Chargeur USB-C,27.52,1,10,Accessoire,2026-03-21
2211,204,Montre Apple Watch,374.88,3,20,Wearable,2025-08-23
2212,214,Tapis de souris XL,23.84,3,0,Accessoire,2026-02-28
2213,214,Tapis de souris XL,25.1,4,5,Accessoire,2026-04-23
2214,205,Clavier Logitech,97.2,1,10,Peripherique,2025-04-28
2215,203,Tablette iPad,732.97,1,5,Mobile,2025-11-26
2216,210,Webcam Logitech,85.09,2,0,Peripherique,2026-01-30
2217,210,Webcam Logitech,84.93,5,0,Peripherique,2025-11-28
2218,209,Disque SSD 1TB,126.7,1,0,Stockage,2025-12-03
2219,204,Montre Apple Watch,415.53,3,25,Wearable,2026-03-28
2220,202,Ecouteurs Sony,146.14,5,0,Audio,2025-08-26
2221,200,Smartphone Samsung,627.91,3,25,Mobile,2025-09-13
2222,210,Webcam Logitech,73.08,5,15,Peripherique,2025-07-17
2223,206,Souris Razer,63.91,1,25,Peripherique,2026-04-28
2224,203,Tablette iPad,751.37,2,0,Mobile,2026-03-08
2225,200,Smartphone Samsung,571.45,5,10,Mobile,2025-06-04
2226,210,Webcam Logitech,76.0,5,25,Peripherique,2026-01-31
2227,206,Souris Razer,63.97,5,5,Peripherique,2026-01-03
2228,201,Laptop Dell,1197.21,5,0,Informatique,2026-04-22
2229,210,Webcam Logitech,87.87,3,25,Peripherique,2026-04-17
2230,214,Tapis de souris XL,26.75,5,10,Accessoire,2025-07-24
2231,210,Webcam Logitech,72.81,4,5,Peripherique,2025-11-04
2232,204,Montre Apple Watch,435.87,3,15,Wearable,2025-10-08
2233,209,Disque SSD 1TB,122.87,3,0,Stockage,2025-07-14
2234,212,Chargeur USB-C,27.84,2,20,Accessoire,2025-12-26
2235,209,Disque SSD 1TB,116.45,3,0,Stockage,2025-09-16
2236,214,Tapis de souris XL,22.99,2,10,Accessoire,2025-09-10
2237,205,Clavier Logitech,96.44,2,20,Peripherique,2025-11-01
2238,214,Tapis de souris XL,23.25,5,10,Accessoire,2025-10-18
2239,203,Tablette iPad,828.35,5,15,Mobile,2026-03-25
2240,207,Ecran LG 27,373.09,3,10,Affichage,2025-05-11
2241,209,Disque SSD 1TB,116.87,5,15,Stockage,2026-03-01
2242,206,Souris Razer,64.21,3,0,Peripherique,2025-09-01
2243,205,Clavier Logitech,83.21,5,0,Peripherique,2026-03-31
2244,214,Tapis de souris XL,25.92,1,5,Accessoire,2025-09-20
2245,202,Ecouteurs Sony,135.03,3,25,Audio,2025-12-26
2246,200,Smartphone Samsung,639.53,3,0,Mobile,2026-02-15
2247,205,Clavier Logitech,86.19,5,0,Peripherique,2025-04-21
2248,204,Montre Apple Watch,369.7,4,0,Wearable,2026-01-10
2249,206,Souris Razer,55.06,5,0,Peripherique,2026-01-16
2250,204,Montre Apple Watch,364.1,4,5,Wearable,2025-05-08
2251,206,Souris Razer,56.41,2,5,Peripherique,2025-07-31
2252,203,Tablette iPad,737.8,4,15,Mobile,2025-10-04
2253,204,Montre Apple Watch,416.51,5,5,Wearable,2026-01-31
2254,206,Souris Razer,56.63,3,0,Peripherique,2025-11-03
2255,200,Smartphone Samsung,552.71,5,5,Mobile,2025-05-11
2256,213,Hub USB,53.36,1,0,Accessoire,2025-10-12
2257,212,Chargeur USB-C,29.27,1,25,Accessoire,2025-06-05
2258,204,Montre Apple Watch,428.18,1,10,Wearable,2026-01-01
2259,210,Webcam Logitech,81.13,2,0,Peripherique,2025-05-23
2260,206,Souris Razer,57.62,3,5,Peripherique,2025-12-07
2261,205,Clavier Logitech,89.56,3,5,Peripherique,2026-03-13
2262,206,Souris Razer,65.9,4,5,Peripherique,2026-01-24
2263,201,Laptop Dell,1127.71,4,10,Informatique,2026-03-08
2264,203,Tablette iPad,758.36,5,0,Mobile,2026-03-26
2265,212,Chargeur USB-C,31.77,3,0,Accessoire,2026-04-29
2266,214,Tapis de souris XL,23.11,1,10,Accessoire,2026-01-16
2267,209,Disque SSD 1TB,126.45,4,0,Stockage,2025-08-23
2268,206,Souris Razer,59.75,5,0,Peripherique,2025-09-21
2269,202,Ecouteurs Sony,144.63,3,20,Audio,2025-05-16
2270,204,Montre Apple Watch,360.65,2,10,Wearable,2026-03-26
2271,209,Disque SSD 1TB,122.39,4,10,Stockage,2025-07-11
2272,208,Imprimante HP,190.75,5,10,Informatique,2025-07-29
2273,212,Chargeur USB-C,30.78,4,10,Accessoire,2025-11-18
2274,202,Ecouteurs Sony,156.23,3,25,Audio,2025-12-27
2275,214,Tapis de souris XL,23.66,4,5,Accessoire,2026-01-11
2276,213,Hub USB,45.82,2,15,Accessoire,2025-12-18
2277,202,Ecouteurs Sony,156.8,5,0,Audio,2026-01-15
2278,209,Disque SSD 1TB,112.56,4,0,Stockage,2025-12-30
2279,212,Chargeur USB-C,32.14,5,0,Accessoire,2026-03-11
2280,212,Chargeur USB-C,28.01,5,0,Accessoire,2026-04-09
2281,204,Montre Apple Watch,432.62,2,15,Wearable,2025-05-29
2282,203,Tablette iPad,837.2,2,10,Mobile,2026-01-03
2283,207,Ecran LG 27,317.34,5,25,Affichage,2025-11-07
2284,205,Clavier Logitech,86.06,2,5,Peripherique,2025-04-16
2285,208,Imprimante HP,182.38,4,10,Informatique,2025-04-04
2286,206,Souris Razer,55.41,4,0,Peripherique,2025-06-23
2287,200,Smartphone Samsung,646.58,4,10,Mobile,2025-10-27
2288,203,Tablette iPad,875.88,2,25,Mobile,2025-08-09
2289,206,Souris Razer,57.75,1,10,Peripherique,2026-02-15
2290,206,Souris Razer,57.84,3,10,Peripherique,2025-09-06
2291,206,Souris Razer,54.37,5,0,Peripherique,2025-07-22
2292,214,Tapis de souris XL,27.2,2,5,Accessoire,2025-05-07
2293,213,Hub USB,49.34,3,15,Accessoire,2025-07-12
2294,209,Disque SSD 1TB,120.61,1,20,Stockage,2026-03-21
2295,210,Webcam Logitech,83.22,2,0,Peripherique,2025-10-06
2296,206,Souris Razer,58.09,5,0,Peripherique,2025-06-06
2297,210,Webcam Logitech,85.49,3,0,Peripherique,2025-11-30
2298,214,Tapis de souris XL,27.26,5,5,Accessoire,2026-04-27
2299,211,Casque Bose,281.76,2,0,Audio,2026-03-21
2300,207,Ecran LG 27,359.53,1,10,Affichage,2025-06-13
2301,202,Ecouteurs Sony,164.53,2,25,Audio,2025-04-08
2302,213,Hub USB,54.14,5,15,Accessoire,2026-01-07
2303,205,Clavier Logitech,94.24,1,20,Peripherique,2025-08-23
2304,209,Disque SSD 1TB,109.6,3,10,Stockage,2025-08-12
2305,214,Tapis de souris XL,25.46,5,20,Accessoire,2026-04-28
2306,205,Clavier Logitech,92.19,3,20,Peripherique,2025-07-30
2307,204,Montre Apple Watch,416.93,4,0,Wearable,2025-12-25
2308,210,Webcam Logitech,73.59,3,25,Peripherique,2025-12-22
2309,207,Ecran LG 27,382.13,1,0,Affichage,2025-05-25
2310,205,Clavier Logitech,88.2,3,0,Peripherique,2026-04-14
2311,212,Chargeur USB-C,30.61,4,10,Accessoire,2026-04-24
2312,202,Ecouteurs Sony,139.45,3,10,Audio,2025-05-28
2313,208,Imprimante HP,203.11,1,25,Informatique,2025-05-12
2314,205,Clavier Logitech,86.06,1,10,Peripherique,2025-10-08
2315,214,Tapis de souris XL,24.31,5,20,Accessoire,2026-01-15
2316,202,Ecouteurs Sony,162.44,2,10,Audio,2025-06-21
2317,206,Souris Razer,65.01,4,15,Peripherique,2025-08-30
2318,212,Chargeur USB-C,31.47,1,15,Accessoire,2025-05-03
2319,202,Ecouteurs Sony,138.55,5,25,Audio,2026-03-12
2320,209,Disque SSD 1TB,113.31,2,15,Stockage,2025-11-23
2321,206,Souris Razer,59.97,2,5,Peripherique,2025-11-11
2322,202,Ecouteurs Sony,154.2,2,0,Audio,2025-11-03
2323,210,Webcam Logitech,72.72,3,15,Peripherique,2025-07-04
2324,209,Disque SSD 1TB,118.9,3,10,Stockage,2026-01-19
2325,212,Chargeur USB-C,31.34,5,0,Accessoire,2025-09-01
2326,209,Disque SSD 1TB,125.55,2,0,Stockage,2026-02-22
2327,210,Webcam Logitech,79.97,1,5,Peripherique,2025-06-07
2328,201,Laptop Dell,1312.08,5,0,Informatique,2026-03-30
2329,206,Souris Razer,57.39,2,5,Peripherique,2026-02-08
2330,206,Souris Razer,58.93,3,0,Peripherique,2025-08-28
2331,202,Ecouteurs Sony,140.17,3,10,Audio,2026-02-03
2332,209,Disque SSD 1TB,111.56,2,5,Stockage,2025-09-14
2333,202,Ecouteurs Sony,141.67,5,0,Audio,2026-01-01
2334,209,Disque SSD 1TB,110.21,5,0,Stockage,2025-11-28
2335,209,Disque SSD 1TB,121.54,1,5,Stockage,2026-01-03
2336,200,Smartphone Samsung,555.76,2,0,Mobile,2025-07-26
2337,210,Webcam Logitech,76.82,1,20,Peripherique,2026-01-28
2338,204,Montre Apple Watch,434.14,3,25,Wearable,2026-04-03
2339,213,Hub USB,45.94,1,0,Accessoire,2025-10-31
2340,209,Disque SSD 1TB,111.27,3,25,Stockage,2026-03-15
2341,205,Clavier Logitech,85.58,1,15,Peripherique,2025-05-29
2342,212,Chargeur USB-C,29.96,1,20,Accessoire,2026-03-03
2343,212,Chargeur USB-C,29.29,2,5,Accessoire,2025-12-09
2344,210,Webcam Logitech,75.67,2,5,Peripherique,2025-09-03
2345,208,Imprimante HP,216.59,2,10,Informatique,2025-06-13
2346,212,Chargeur USB-C,29.17,4,15,Accessoire,2025-12-09
2347,212,Chargeur USB-C,27.53,2,10,Accessoire,2025-08-17
2348,200,Smartphone Samsung,635.06,1,0,Mobile,2026-02-11
2349,209,Disque SSD 1TB,126.03,4,25,Stockage,2025-06-02
2350,214,Tapis de souris XL,24.35,5,0,Accessoire,2025-08-02
2351,202,Ecouteurs Sony,150.43,4,0,Audio,2026-03-21
2352,204,Montre Apple Watch,432.7,5,15,Wearable,2026-04-21
2353,213,Hub USB,50.67,2,5,Accessoire,2025-12-10
2354,206,Souris Razer,58.37,4,0,Peripherique,2026-01-01
2355,201,Laptop Dell,1151.38,2,5,Informatique,2025-09-19
2356,200,Smartphone Samsung,617.21,4,25,Mobile,2025-11-05
2357,210,Webcam Logitech,84.97,3,25,Peripherique,2025-10-31
2358,202,Ecouteurs Sony,156.05,4,20,Audio,2025-11-25
2359,212,Chargeur USB-C,31.63,3,10,Accessoire,2025-05-05
2360,212,Chargeur USB-C,28.77,4,25,Accessoire,2025-06-05
2361,210,Webcam Logitech,80.79,4,0,Peripherique,2025-07-21
2362,213,Hub USB,52.15,5,20,Accessoire,2025-04-27
2363,212,Chargeur USB-C,28.5,5,0,Accessoire,2025-05-01
2364,209,Disque SSD 1TB,131.18,4,5,Stockage,2025-08-19
2365,202,Ecouteurs Sony,159.51,1,10,Audio,2025-04-13
2366,213,Hub USB,53.22,1,10,Accessoire,2025-04-07
2367,212,Chargeur USB-C,28.2,1,0,Accessoire,2026-02-16
2368,202,Ecouteurs Sony,161.35,1,10,Audio,2026-04-07
2369,213,Hub USB,54.14,2,0,Accessoire,2025-04-05
2370,210,Webcam Logitech,87.77,2,25,Peripherique,2025-07-18
2371,200,Smartphone Samsung,627.86,3,0,Mobile,2025-11-04
2372,212,Chargeur USB-C,31.45,1,10,Accessoire,2025-09-21
2373,206,Souris Razer,57.68,4,5,Peripherique,2025-10-20
2374,209,Disque SSD 1TB,117.75,3,10,Stockage,2025-11-23
2375,203,Tablette iPad,762.67,2,10,Mobile,2025-10-23
2376,205,Clavier Logitech,81.86,5,15,Peripherique,2025-07-02
2377,211,Casque Bose,315.12,2,20,Audio,2025-12-09
2378,206,Souris Razer,59.77,1,5,Peripherique,2026-03-26
2379,205,Clavier Logitech,95.19,3,0,Peripherique,2025-04-25
2380,212,Chargeur USB-C,28.13,5,10,Accessoire,2025-08-03
2381,214,Tapis de souris XL,26.62,3,25,Accessoire,2025-05-06
2382,213,Hub USB,49.25,5,0,Accessoire,2025-05-12
2383,212,Chargeur USB-C,28.97,1,10,Accessoire,2025-12-24
2384,205,Clavier Logitech,90.57,3,0,Peripherique,2026-02-02
2385,209,Disque SSD 1TB,125.7,1,10,Stockage,2025-04-18
2386,212,Chargeur USB-C,31.59,5,0,Accessoire,2026-01-10
2387,206,Souris Razer,62.07,4,15,Peripherique,2026-02-15
2388,204,Montre Apple Watch,417.53,2,0,Wearable,2026-01-29
2389,214,Tapis de souris XL,24.42,3,5,Accessoire,2025-11-10
2390,204,Montre Apple Watch,403.49,1,5,Wearable,2026-03-24
2391,214,Tapis de souris XL,24.87,4,25,Accessoire,2025-12-01
2392,203,Tablette iPad,787.54,3,0,Mobile,2025-09-07
2393,202,Ecouteurs Sony,137.76,3,10,Audio,2025-05-21
2394,207,Ecran LG 27,384.52,1,0,Affichage,2025-11-29
2395,212,Chargeur USB-C,29.82,4,0,Accessoire,2025-10-06
2396,205,Clavier Logitech,92.85,5,0,Peripherique,2026-02-23
2397,202,Ecouteurs Sony,156.07,1,5,Audio,2025-10-12
2398,206,Souris Razer,61.97,4,15,Peripherique,2026-04-13
2399,212,Chargeur USB-C,32.43,4,5,Accessoire,2026-02-28
2400,214,Tapis de souris XL,24.57,1,20,Accessoire,2025-04-03
2401,210,Webcam Logitech,83.12,3,10,Peripherique,2025-04-15
2402,210,Webcam Logitech,78.93,1,0,Peripherique,2026-03-10
2403,210,Webcam Logitech,73.76,5,10,Peripherique,2025-08-17
2404,209,Disque SSD 1TB,130.86,4,10,Stockage,2025-05-29
2405,211,Casque Bose,311.06,2,20,Audio,2025-04-12
2406,208,Imprimante HP,187.42,3,0,Informatique,2026-04-19
2407,206,Souris Razer,55.48,2,15,Peripherique,2026-03-25
2408,212,Chargeur USB-C,31.45,1,0,Accessoire,2026-01-21
2409,209,Disque SSD 1TB,126.4,1,25,Stockage,2025-06-09
2410,205,Clavier Logitech,92.83,2,5,Peripherique,2025-12-13
2411,206,Souris Razer,64.91,1,5,Peripherique,2025-05-20
2412,210,Webcam Logitech,80.28,3,15,Peripherique,2026-03-07
2413,206,Souris Razer,65.85,1,0,Peripherique,2025-11-20
2414,212,Chargeur USB-C,32.78,1,10,Accessoire,2026-03-29
2415,212,Chargeur USB-C,30.87,3,20,Accessoire,2025-09-05
2416,214,Tapis de souris XL,23.1,1,5,Accessoire,2025-12-16
2417,203,Tablette iPad,860.36,2,0,Mobile,2025-04-20
2418,206,Souris Razer,59.57,3,10,Peripherique,2025-09-17
2419,205,Clavier Logitech,97.49,2,20,Peripherique,2025-11-26
2420,206,Souris Razer,55.42,3,0,Peripherique,2026-02-17
2421,210,Webcam Logitech,77.49,3,25,Peripherique,2025-07-13
2422,206,Souris Razer,59.39,2,0,Peripherique,2026-01-18
2423,212,Chargeur USB-C,32.74,4,20,Accessoire,2026-02-26
2424,211,Casque Bose,296.09,2,15,Audio,2026-03-21
2425,209,Disque SSD 1TB,118.22,4,0,Stockage,2025-05-04
2426,200,Smartphone Samsung,597.16,4,0,Mobile,2025-05-19
2427,207,Ecran LG 27,351.54,2,10,Affichage,2025-09-18
2428,203,Tablette iPad,751.84,3,10,Mobile,2025-11-26
2429,206,Souris Razer,61.32,4,10,Peripherique,2026-01-22
2430,202,Ecouteurs Sony,154.59,4,0,Audio,2026-04-21
2431,200,Smartphone Samsung,594.54,2,20,Mobile,2026-02-08
2432,200,Smartphone Samsung,607.19,3,25,Mobile,2025-08-16
2433,214,Tapis de souris XL,24.16,1,0,Accessoire,2025-06-06
2434,208,Imprimante HP,194.32,3,10,Informatique,2025-06-05
2435,212,Chargeur USB-C,27.99,5,0,Accessoire,2026-01-09
2436,214,Tapis de souris XL,27.13,5,0,Accessoire,2025-07-27
2437,205,Clavier Logitech,96.75,5,20,Peripherique,2025-12-21
2438,202,Ecouteurs Sony,158.47,3,0,Audio,2025-12-21
2439,213,Hub USB,46.9,3,15,Accessoire,2026-03-10
2440,213,Hub USB,48.43,1,5,Accessoire,2026-03-19
2441,210,Webcam Logitech,76.02,4,5,Peripherique,2025-09-26
2442,202,Ecouteurs Sony,146.72,2,10,Audio,2026-04-17
2443,210,Webcam Logitech,85.83,2,10,Peripherique,2025-06-13
2444,206,Souris Razer,59.4,4,25,Peripherique,2025-11-23
2445,202,Ecouteurs Sony,143.43,3,5,Audio,2026-03-24
2446,200,Smartphone Samsung,634.53,2,15,Mobile,2026-03-20
2447,211,Casque Bose,291.17,4,0,Audio,2025-06-11
2448,201,Laptop Dell,1186.18,4,15,Informatique,2025-05-05
2449,213,Hub USB,52.4,2,20,Accessoire,2025-10-14
2450,202,Ecouteurs Sony,149.46,3,10,Audio,2026-03-18
2451,210,Webcam Logitech,72.09,3,25,Peripherique,2026-04-12
2452,214,Tapis de souris XL,26.59,1,0,Accessoire,2025-12-09
2453,212,Chargeur USB-C,32.81,1,25,Accessoire,2025-12-06
2454,208,Imprimante HP,214.5,2,10,Informatique,2025-08-29
2455,200,Smartphone Samsung,644.81,4,0,Mobile,2026-04-18
2456,212,Chargeur USB-C,31.74,3,15,Accessoire,2025-05-16
2457,212,Chargeur USB-C,27.35,2,0,Accessoire,2025-07-24
2458,209,Disque SSD 1TB,121.91,2,10,Stockage,2025-06-06
2459,205,Clavier Logitech,88.23,5,5,Peripherique,2025-12-13
2460,213,Hub USB,50.06,3,20,Accessoire,2025-12-18
2461,206,Souris Razer,56.85,3,20,Peripherique,2025-04-17
2462,214,Tapis de souris XL,25.45,3,0,Accessoire,2026-02-09
2463,212,Chargeur USB-C,32.78,1,0,Accessoire,2025-05-21
2464,202,Ecouteurs Sony,151.64,1,20,Audio,2025-05-06
2465,204,Montre Apple Watch,363.41,4,25,Wearable,2025-12-06
2466,202,Ecouteurs Sony,162.7,1,25,Audio,2025-06-04
2467,204,Montre Apple Watch,414.66,2,5,Wearable,2025-11-19
2468,211,Casque Bose,278.38,5,25,Audio,2025-11-09
2469,210,Webcam Logitech,87.67,3,25,Peripherique,2025-09-06
2470,205,Clavier Logitech,83.43,4,5,Peripherique,2025-11-09
2471,207,Ecran LG 27,374.06,5,0,Affichage,2025-11-13
2472,214,Tapis de souris XL,25.36,3,10,Accessoire,2025-11-07
2473,214,Tapis de souris XL,25.09,1,10,Accessoire,2025-12-14
2474,210,Webcam Logitech,85.67,1,0,Peripherique,2025-04-04
2475,201,Laptop Dell,1258.36,4,25,Informatique,2025-04-17
2476,214,Tapis de souris XL,22.71,2,25,Accessoire,2026-04-26
2477,213,Hub USB,46.31,3,10,Accessoire,2026-02-17
2478,200,Smartphone Samsung,628.4,1,0,Mobile,2025-08-23
2479,205,Clavier Logitech,83.24,5,5,Peripherique,2026-01-21
2480,210,Webcam Logitech,72.03,4,5,Peripherique,2025-05-18
2481,210,Webcam Logitech,84.11,4,0,Peripherique,2025-09-04
2482,204,Montre Apple Watch,400.11,3,10,Wearable,2025-09-03
2483,202,Ecouteurs Sony,150.59,5,15,Audio,2026-04-18
2484,210,Webcam Logitech,82.28,4,5,Peripherique,2025-10-31
2485,209,Disque SSD 1TB,123.78,1,25,Stockage,2026-04-19
2486,212,Chargeur USB-C,30.57,4,20,Accessoire,2025-08-23
2487,214,Tapis de souris XL,25.72,4,20,Accessoire,2025-11-13
2488,206,Souris Razer,62.25,3,5,Peripherique,2025-12-28
2489,211,Casque Bose,283.15,1,5,Audio,2026-02-05
2490,202,Ecouteurs Sony,150.31,1,0,Audio,2025-07-15
2491,211,Casque Bose,279.13,2,15,Audio,2025-11-22
2492,201,Laptop Dell,1262.55,5,5,Informatique,2025-08-07
2493,212,Chargeur USB-C,32.64,2,5,Accessoire,2025-10-09
2494,204,Montre Apple Watch,371.23,4,5,Wearable,2025-07-09
2495,211,Casque Bose,328.54,4,5,Audio,2025-05-14
2496,206,Souris Razer,61.82,1,0,Peripherique,2025-07-15
2497,203,Tablette iPad,794.93,2,20,Mobile,2026-02-04
2498,206,Souris Razer,58.23,3,15,Peripherique,2026-01-31
2499,202,Ecouteurs Sony,156.62,4,10,Audio,2025-05-09
2500,200,Smartphone Samsung,646.34,2,10,Mobile,2025-08-09
2501,214,Tapis de souris XL,23.84,5,10,Accessoire,2025-10-23
2502,205,Clavier Logitech,97.91,5,10,Peripherique,2025-08-10
2503,213,Hub USB,48.24,2,10,Accessoire,2025-08-19
2504,207,Ecran LG 27,326.92,3,25,Affichage,2025-04-24
2505,214,Tapis de souris XL,24.17,5,25,Accessoire,2026-03-25
2506,206,Souris Razer,62.95,4,5,Peripherique,2025-05-09
2507,214,Tapis de souris XL,23.45,3,0,Accessoire,2026-01-15
2508,203,Tablette iPad,804.91,5,0,Mobile,2025-11-24
2509,202,Ecouteurs Sony,143.2,1,15,Audio,2025-08-30
2510,201,Laptop Dell,1307.09,2,0,Informatique,2025-06-11
2511,204,Montre Apple Watch,387.84,5,0,Wearable,2026-04-11
2512,208,Imprimante HP,186.84,4,5,Informatique,2025-10-24
2513,206,Souris Razer,59.22,2,25,Peripherique,2025-08-16
2514,213,Hub USB,52.85,1,15,Accessoire,2025-06-29
2515,206,Souris Razer,58.74,3,5,Peripherique,2025-11-19
2516,212,Chargeur USB-C,27.69,5,0,Accessoire,2025-12-01
2517,204,Montre Apple Watch,406.1,2,20,Wearable,2025-08-03
2518,214,Tapis de souris XL,22.9,4,10,Accessoire,2025-05-09
2519,205,Clavier Logitech,96.11,5,15,Peripherique,2025-09-09
2520,210,Webcam Logitech,87.79,1,0,Peripherique,2026-02-12
2521,209,Disque SSD 1TB,126.65,2,0,Stockage,2025-04-19
2522,214,Tapis de souris XL,25.96,1,5,Accessoire,2025-12-19
2523,212,Chargeur USB-C,28.86,1,25,Accessoire,2025-07-01
2524,213,Hub USB,47.14,2,0,Accessoire,2025-10-23
2525,206,Souris Razer,58.98,1,20,Peripherique,2025-11-30
2526,206,Souris Razer,65.22,3,10,Peripherique,2025-05-13
2527,206,Souris Razer,56.24,5,10,Peripherique,2025-07-08
2528,212,Chargeur USB-C,27.81,3,10,Accessoire,2026-03-06
2529,205,Clavier Logitech,94.67,3,20,Peripherique,2025-11-01
2530,203,Tablette iPad,803.97,4,5,Mobile,2025-04-07
2531,213,Hub USB,50.19,5,10,Accessoire,2025-09-19
2532,209,Disque SSD 1TB,112.22,3,25,Stockage,2025-11-27
2533,206,Souris Razer,54.51,3,15,Peripherique,2025-12-03
2534,214,Tapis de souris XL,23.38,1,10,Accessoire,2026-02-12
2535,208,Imprimante HP,216.58,2,5,Informatique,2026-03-11
2536,202,Ecouteurs Sony,150.37,5,5,Audio,2025-06-25
2537,212,Chargeur USB-C,32.99,2,5,Accessoire,2025-08-17
2538,206,Souris Razer,62.1,3,15,Peripherique,2025-07-10
2539,202,Ecouteurs Sony,139.61,5,0,Audio,2026-03-07
2540,212,Chargeur USB-C,29.39,2,15,Accessoire,2025-10-20
2541,206,Souris Razer,56.44,3,0,Peripherique,2026-01-24
2542,202,Ecouteurs Sony,142.22,3,0,Audio,2025-09-05
2543,200,Smartphone Samsung,570.08,2,0,Mobile,2026-04-03
2544,203,Tablette iPad,861.19,3,5,Mobile,2025-10-25
2545,212,Chargeur USB-C,32.09,5,15,Accessoire,2026-01-28
2546,214,Tapis de souris XL,25.61,2,10,Accessoire,2026-04-23
2547,203,Tablette iPad,860.25,5,25,Mobile,2025-06-26
2548,207,Ecran LG 27,361.54,2,10,Affichage,2025-10-25
2549,214,Tapis de souris XL,23.49,1,10,Accessoire,2025-11-25
2550,214,Tapis de souris XL,24.59,2,25,Accessoire,2026-04-02
2551,208,Imprimante HP,183.86,2,10,Informatique,2026-04-18
2552,202,Ecouteurs Sony,150.03,3,15,Audio,2025-09-11
2553,206,Souris Razer,58.68,4,0,Peripherique,2025-05-21
2554,213,Hub USB,49.32,5,10,Accessoire,2026-04-24
2555,213,Hub USB,54.16,2,0,Accessoire,2025-04-22
2556,214,Tapis de souris XL,27.18,5,10,Accessoire,2025-06-03
2557,214,Tapis de souris XL,24.34,5,10,Accessoire,2025-08-13
2558,212,Chargeur USB-C,30.99,1,20,Accessoire,2026-01-19
2559,201,Laptop Dell,1286.6,1,20,Informatique,2025-08-11
2560,213,Hub USB,49.8,3,5,Accessoire,2025-09-18
2561,205,Clavier Logitech,91.99,5,10,Peripherique,2025-12-11
2562,204,Montre Apple Watch,428.2,2,20,Wearable,2025-10-31
2563,202,Ecouteurs Sony,158.86,4,5,Audio,2025-05-06
2564,206,Souris Razer,56.7,4,0,Peripherique,2025-06-22
2565,200,Smartphone Samsung,630.94,1,0,Mobile,2025-10-29
2566,202,Ecouteurs Sony,152.55,5,5,Audio,2025-07-09
2567,210,Webcam Logitech,83.85,2,0,Peripherique,2026-02-05
2568,204,Montre Apple Watch,361.65,1,0,Wearable,2026-04-11
2569,200,Smartphone Samsung,628.64,3,0,Mobile,2025-04-17
2570,202,Ecouteurs Sony,162.45,2,0,Audio,2025-08-13
2571,202,Ecouteurs Sony,144.13,3,0,Audio,2025-05-22
2572,211,Casque Bose,298.56,5,5,Audio,2025-11-27
2573,210,Webcam Logitech,73.63,2,25,Peripherique,2025-09-01
2574,202,Ecouteurs Sony,152.0,1,25,Audio,2025-07-22
2575,210,Webcam Logitech,72.22,2,20,Peripherique,2025-06-08
2576,212,Chargeur USB-C,32.88,1,0,Accessoire,2025-06-05
2577,203,Tablette iPad,858.77,1,25,Mobile,2025-06-02
2578,206,Souris Razer,61.63,5,20,Peripherique,2025-12-05
2579,213,Hub USB,48.88,4,15,Accessoire,2025-10-29
2580,206,Souris Razer,60.14,1,0,Peripherique,2026-04-19
2581,214,Tapis de souris XL,25.46,3,5,Accessoire,2026-02-04
2582,209,Disque SSD 1TB,125.46,1,20,Stockage,2025-11-25
2583,209,Disque SSD 1TB,128.88,2,0,Stockage,2026-02-19
2584,202,Ecouteurs Sony,162.42,2,10,Audio,2025-09-01
2585,211,Casque Bose,313.73,1,10,Audio,2026-01-09
2586,212,Chargeur USB-C,31.26,5,10,Accessoire,2025-06-11
2587,210,Webcam Logitech,74.22,3,0,Peripherique,2026-02-26
2588,213,Hub USB,49.12,3,0,Accessoire,2026-02-20
2589,212,Chargeur USB-C,29.49,5,10,Accessoire,2025-10-24
2590,200,Smartphone Samsung,646.39,5,10,Mobile,2025-12-31
2591,205,Clavier Logitech,86.67,1,0,Peripherique,2025-04-19
2592,200,Smartphone Samsung,566.34,5,0,Mobile,2025-06-20
2593,204,Montre Apple Watch,408.67,3,10,Wearable,2026-01-05
2594,203,Tablette iPad,729.31,4,20,Mobile,2025-09-28
2595,206,Souris Razer,62.72,3,25,Peripherique,2026-03-05
2596,205,Clavier Logitech,97.75,1,15,Peripherique,2025-04-17
2597,206,Souris Razer,57.32,2,25,Peripherique,2025-12-31
2598,204,Montre Apple Watch,429.02,4,0,Wearable,2025-10-25
2599,200,Smartphone Samsung,563.29,4,0,Mobile,2025-04-25
2600,213,Hub USB,51.93,5,0,Accessoire,2025-12-30
2601,205,Clavier Logitech,98.71,4,0,Peripherique,2025-12-06
2602,201,Laptop Dell,1252.24,5,0,Informatique,2025-05-08
2603,214,Tapis de souris XL,24.48,2,10,Accessoire,2026-01-12
2604,205,Clavier Logitech,81.79,5,20,Peripherique,2025-10-09
2605,214,Tapis de souris XL,23.53,1,5,Accessoire,2025-12-20
2606,201,Laptop Dell,1222.17,2,0,Informatique,2025-10-28
2607,213,Hub USB,46.56,5,20,Accessoire,2025-04-25
2608,209,Disque SSD 1TB,117.09,1,25,Stockage,2026-01-11
2609,209,Disque SSD 1TB,119.18,4,5,Stockage,2025-06-15
2610,200,Smartphone Samsung,607.14,3,15,Mobile,2025-06-04
2611,213,Hub USB,47.96,3,5,Accessoire,2026-03-04
2612,214,Tapis de souris XL,25.13,3,5,Accessoire,2026-02-11
2613,205,Clavier Logitech,85.6,4,0,Peripherique,2025-09-30
2614,200,Smartphone Samsung,549.58,2,5,Mobile,2025-05-02
2615,210,Webcam Logitech,72.03,4,15,Peripherique,2026-02-27
2616,214,Tapis de souris XL,25.53,4,0,Accessoire,2025-10-24
2617,208,Imprimante HP,215.46,4,0,Informatique,2025-07-08
2618,206,Souris Razer,60.62,4,0,Peripherique,2025-06-04
2619,212,Chargeur USB-C,30.0,4,10,Accessoire,2026-04-12
2620,212,Chargeur USB-C,27.35,4,5,Accessoire,2026-02-10
2621,212,Chargeur USB-C,28.85,3,0,Accessoire,2025-08-23
2622,200,Smartphone Samsung,643.3,5,25,Mobile,2025-08-08
2623,214,Tapis de souris XL,24.09,1,15,Accessoire,2025-09-17
2624,209,Disque SSD 1TB,109.83,4,10,Stockage,2025-08-09
2625,209,Disque SSD 1TB,109.12,1,5,Stockage,2026-01-04
2626,205,Clavier Logitech,91.22,4,0,Peripherique,2025-12-20
2627,214,Tapis de souris XL,24.29,2,10,Accessoire,2026-02-10
2628,202,Ecouteurs Sony,153.86,5,0,Audio,2025-04-23
2629,201,Laptop Dell,1187.14,2,20,Informatique,2025-08-07
2630,204,Montre Apple Watch,386.59,2,0,Wearable,2025-09-18
2631,200,Smartphone Samsung,587.89,5,0,Mobile,2025-08-12
2632,214,Tapis de souris XL,23.71,1,25,Accessoire,2025-04-28
2633,206,Souris Razer,55.26,2,25,Peripherique,2026-02-09
2634,209,Disque SSD 1TB,110.85,1,0,Stockage,2025-10-27
2635,214,Tapis de souris XL,26.83,5,10,Accessoire,2026-03-31
2636,203,Tablette iPad,786.09,2,10,Mobile,2025-08-01
2637,212,Chargeur USB-C,31.96,1,5,Accessoire,2026-02-23
2638,208,Imprimante HP,214.8,3,10,Informatique,2025-11-12
2639,214,Tapis de souris XL,22.79,2,0,Accessoire,2026-02-09
2640,212,Chargeur USB-C,27.04,5,25,Accessoire,2025-06-17
2641,212,Chargeur USB-C,29.67,4,5,Accessoire,2025-04-20
2642,212,Chargeur USB-C,29.56,2,0,Accessoire,2025-10-11
2643,209,Disque SSD 1TB,115.82,2,5,Stockage,2025-11-28
2644,200,Smartphone Samsung,611.73,5,25,Mobile,2025-10-11
2645,203,Tablette iPad,800.95,1,0,Mobile,2026-04-28
2646,206,Souris Razer,60.18,2,5,Peripherique,2025-12-13
2647,200,Smartphone Samsung,571.41,5,0,Mobile,2025-06-25
2648,212,Chargeur USB-C,30.35,5,0,Accessoire,2025-05-13
2649,206,Souris Razer,63.44,4,5,Peripherique,2025-04-13
2650,205,Clavier Logitech,91.87,1,0,Peripherique,2026-04-03
2651,202,Ecouteurs Sony,154.17,2,0,Audio,2025-10-22
2652,214,Tapis de souris XL,24.44,4,20,Accessoire,2026-01-05
2653,211,Casque Bose,283.17,2,10,Audio,2025-04-04
2654,204,Montre Apple Watch,411.45,2,10,Wearable,2025-05-24
2655,209,Disque SSD 1TB,115.62,1,20,Stockage,2025-10-08
2656,203,Tablette iPad,750.85,1,20,Mobile,2025-06-08
2657,202,Ecouteurs Sony,135.83,3,15,Audio,2026-03-12
2658,202,Ecouteurs Sony,159.54,3,10,Audio,2026-01-30
2659,207,Ecran LG 27,349.92,5,0,Affichage,2025-09-08
2660,207,Ecran LG 27,330.58,4,10,Affichage,2026-01-06
2661,211,Casque Bose,310.91,5,10,Audio,2026-01-29
2662,206,Souris Razer,63.79,3,0,Peripherique,2025-12-27
2663,204,Montre Apple Watch,395.96,4,5,Wearable,2025-04-28
2664,200,Smartphone Samsung,613.46,5,0,Mobile,2025-10-04
2665,207,Ecran LG 27,353.82,5,5,Affichage,2025-05-26
2666,202,Ecouteurs Sony,143.96,1,5,Audio,2026-01-02
2667,206,Souris Razer,60.46,3,10,Peripherique,2025-06-12
2668,202,Ecouteurs Sony,162.07,5,0,Audio,2025-05-23
2669,206,Souris Razer,61.49,1,5,Peripherique,2025-11-23
2670,209,Disque SSD 1TB,129.85,1,0,Stockage,2026-03-10
2671,208,Imprimante HP,212.46,1,0,Informatique,2026-01-03
2672,214,Tapis de souris XL,22.93,4,10,Accessoire,2025-06-23
2673,203,Tablette iPad,866.42,2,15,Mobile,2025-10-07
2674,202,Ecouteurs Sony,156.1,4,15,Audio,2025-06-28
2675,210,Webcam Logitech,75.87,3,5,Peripherique,2025-09-23
2676,200,Smartphone Samsung,543.98,5,0,Mobile,2025-10-16
2677,202,Ecouteurs Sony,135.0,1,15,Audio,2026-01-22
2678,211,Casque Bose,304.0,5,0,Audio,2026-01-16
2679,206,Souris Razer,56.81,5,10,Peripherique,2026-02-23
2680,210,Webcam Logitech,82.29,4,20,Peripherique,2026-03-22
2681,206,Souris Razer,56.19,4,15,Peripherique,2025-11-05
2682,213,Hub USB,47.83,2,15,Accessoire,2025-04-06
2683,211,Casque Bose,279.68,4,25,Audio,2026-02-23
2684,207,Ecran LG 27,383.5,5,0,Affichage,2025-05-28
2685,212,Chargeur USB-C,30.28,1,0,Accessoire,2025-07-25
2686,212,Chargeur USB-C,27.21,2,0,Accessoire,2025-06-10
2687,213,Hub USB,47.58,1,10,Accessoire,2025-10-17
2688,214,Tapis de souris XL,23.76,4,0,Accessoire,2025-04-08
2689,212,Chargeur USB-C,28.75,5,0,Accessoire,2025-07-02
2690,209,Disque SSD 1TB,122.61,4,5,Stockage,2025-09-02
2691,207,Ecran LG 27,347.89,4,5,Affichage,2026-03-02
2692,205,Clavier Logitech,81.34,3,0,Peripherique,2026-01-08
2693,214,Tapis de souris XL,23.59,5,0,Accessoire,2026-04-07
2694,210,Webcam Logitech,83.92,3,10,Peripherique,2025-08-17
2695,214,Tapis de souris XL,26.25,5,5,Accessoire,2025-12-30
2696,205,Clavier Logitech,82.46,4,0,Peripherique,2026-02-14
2697,214,Tapis de souris XL,27.28,5,15,Accessoire,2026-03-12
2698,214,Tapis de souris XL,26.94,5,10,Accessoire,2025-08-08
2699,201,Laptop Dell,1191.0,5,0,Informatique,2025-09-02
2700,213,Hub USB,49.41,1,5,Accessoire,2025-07-17
2701,209,Disque SSD 1TB,111.84,3,20,Stockage,2025-09-18
2702,200,Smartphone Samsung,593.12,1,5,Mobile,2025-04-15
2703,209,Disque SSD 1TB,114.76,5,5,Stockage,2025-07-19
2704,200,Smartphone Samsung,648.72,1,15,Mobile,2025-12-13
2705,209,Disque SSD 1TB,122.49,3,10,Stockage,2025-09-29
2706,208,Imprimante HP,207.21,3,20,Informatique,2025-12-05
2707,213,Hub USB,53.15,1,5,Accessoire,2026-04-07
2708,212,Chargeur USB-C,32.87,2,10,Accessoire,2025-12-26
2709,202,Ecouteurs Sony,136.28,2,5,Audio,2025-12-18
2710,214,Tapis de souris XL,24.69,3,10,Accessoire,2025-10-03
2711,212,Chargeur USB-C,29.51,1,0,Accessoire,2025-11-20
2712,202,Ecouteurs Sony,153.82,3,20,Audio,2025-07-30
2713,207,Ecran LG 27,382.81,5,10,Affichage,2025-09-15
2714,206,Souris Razer,55.88,2,0,Peripherique,2025-07-10
2715,200,Smartphone Samsung,614.18,4,20,Mobile,2026-01-08
2716,208,Imprimante HP,216.93,3,5,Informatique,2025-07-19
2717,213,Hub USB,54.33,4,0,Accessoire,2025-11-03
2718,202,Ecouteurs Sony,160.61,3,10,Audio,2025-11-28
2719,214,Tapis de souris XL,23.37,4,25,Accessoire,2025-10-08
2720,201,Laptop Dell,1235.58,3,0,Informatique,2025-05-30
2721,205,Clavier Logitech,91.29,5,5,Peripherique,2025-11-14
2722,212,Chargeur USB-C,30.01,4,15,Accessoire,2025-09-10
2723,212,Chargeur USB-C,31.54,4,0,Accessoire,2025-07-26
2724,213,Hub USB,51.1,1,20,Accessoire,2026-01-04
2725,212,Chargeur USB-C,31.82,5,10,Accessoire,2026-01-15
2726,212,Chargeur USB-C,32.55,2,0,Accessoire,2025-10-22
2727,208,Imprimante HP,181.72,5,20,Informatique,2026-01-12
2728,201,Laptop Dell,1245.46,3,15,Informatique,2025-12-09
2729,209,Disque SSD 1TB,112.89,2,5,Stockage,2025-11-08
2730,212,Chargeur USB-C,32.67,1,20,Accessoire,2025-09-29
2731,205,Clavier Logitech,84.21,2,5,Peripherique,2025-11-24
2732,204,Montre Apple Watch,370.17,1,25,Wearable,2026-01-10
2733,205,Clavier Logitech,90.41,3,0,Peripherique,2025-07-04
2734,213,Hub USB,51.18,1,5,Accessoire,2025-05-19
2735,201,Laptop Dell,1099.64,5,10,Informatique,2025-04-11
2736,203,Tablette iPad,868.87,3,10,Mobile,2026-04-15
2737,209,Disque SSD 1TB,120.58,1,0,Stockage,2025-04-08
2738,208,Imprimante HP,216.21,4,25,Informatique,2026-02-09
2739,208,Imprimante HP,206.86,1,5,Informatique,2026-04-26
2740,210,Webcam Logitech,82.94,3,15,Peripherique,2026-03-23
2741,214,Tapis de souris XL,26.4,2,25,Accessoire,2025-06-16
2742,213,Hub USB,48.17,2,20,Accessoire,2026-02-27
2743,200,Smartphone Samsung,646.91,2,0,Mobile,2025-11-17
2744,204,Montre Apple Watch,369.4,4,5,Wearable,2025-05-13
2745,202,Ecouteurs Sony,151.78,2,0,Audio,2025-07-30
2746,208,Imprimante HP,201.77,1,0,Informatique,2025-05-29
2747,212,Chargeur USB-C,30.6,4,15,Accessoire,2025-12-27
2748,214,Tapis de souris XL,25.44,4,5,Accessoire,2026-03-20
2749,204,Montre Apple Watch,413.1,2,20,Wearable,2025-05-03
2750,206,Souris Razer,62.65,1,0,Peripherique,2025-08-14
2751,206,Souris Razer,57.91,5,10,Peripherique,2025-04-14
2752,213,Hub USB,48.75,5,10,Accessoire,2025-10-14
2753,200,Smartphone Samsung,610.58,2,25,Mobile,2025-09-15
2754,213,Hub USB,53.18,4,0,Accessoire,2025-07-28
2755,206,Souris Razer,62.86,2,10,Peripherique,2025-07-22
2756,203,Tablette iPad,782.6,3,0,Mobile,2026-01-22
2757,209,Disque SSD 1TB,116.8,4,20,Stockage,2025-08-21
2758,209,Disque SSD 1TB,131.69,5,5,Stockage,2026-01-17
2759,202,Ecouteurs Sony,148.44,4,0,Audio,2025-04-02
2760,200,Smartphone Samsung,545.35,1,0,Mobile,2025-09-22
2761,201,Laptop Dell,1309.25,1,20,Informatique,2025-12-28
2762,205,Clavier Logitech,97.66,4,5,Peripherique,2025-10-24
2763,205,Clavier Logitech,90.55,4,20,Peripherique,2026-01-02
2764,208,Imprimante HP,205.36,1,10,Informatique,2025-07-13
2765,212,Chargeur USB-C,32.25,2,0,Accessoire,2025-07-22
2766,200,Smartphone Samsung,624.85,4,0,Mobile,2025-12-16
2767,201,Laptop Dell,1114.92,3,20,Informatique,2025-10-09
2768,205,Clavier Logitech,88.26,3,10,Peripherique,2025-09-03
2769,214,Tapis de souris XL,25.87,5,20,Accessoire,2025-06-11
2770,213,Hub USB,46.4,3,0,Accessoire,2025-12-13
2771,213,Hub USB,45.17,2,0,Accessoire,2025-07-12
2772,209,Disque SSD 1TB,125.34,3,15,Stockage,2025-06-27
2773,203,Tablette iPad,811.64,1,5,Mobile,2025-06-16
2774,208,Imprimante HP,205.21,2,0,Informatique,2025-09-03
2775,209,Disque SSD 1TB,113.29,4,10,Stockage,2026-02-25
2776,214,Tapis de souris XL,24.94,5,25,Accessoire,2026-02-25
2777,213,Hub USB,46.6,1,25,Accessoire,2025-04-06
2778,209,Disque SSD 1TB,108.23,5,10,Stockage,2026-04-23
2779,213,Hub USB,52.71,2,0,Accessoire,2026-03-05
2780,207,Ecran LG 27,354.98,1,0,Affichage,2026-01-29
2781,211,Casque Bose,270.05,5,20,Audio,2026-03-09
2782,210,Webcam Logitech,75.99,3,20,Peripherique,2026-02-20
2783,208,Imprimante HP,209.16,1,25,Informatique,2025-10-14
2784,212,Chargeur USB-C,29.99,3,0,Accessoire,2026-03-27
2785,204,Montre Apple Watch,374.99,3,5,Wearable,2025-04-14
2786,214,Tapis de souris XL,22.8,5,15,Accessoire,2025-11-02
2787,210,Webcam Logitech,81.87,2,20,Peripherique,2025-08-18
2788,213,Hub USB,53.36,1,5,Accessoire,2025-05-16
2789,212,Chargeur USB-C,32.97,2,0,Accessoire,2026-04-27
2790,212,Chargeur USB-C,31.65,3,10,Accessoire,2026-02-04
2791,205,Clavier Logitech,86.89,2,10,Peripherique,2025-08-13
2792,201,Laptop Dell,1180.7,3,20,Informatique,2026-04-28
2793,205,Clavier Logitech,92.54,3,15,Peripherique,2025-11-06
2794,203,Tablette iPad,731.38,3,10,Mobile,2025-06-22
2795,213,Hub USB,52.18,1,10,Accessoire,2026-04-05
2796,206,Souris Razer,57.99,3,5,Peripherique,2025-10-17
2797,202,Ecouteurs Sony,146.6,1,5,Audio,2025-04-14
2798,210,Webcam Logitech,82.88,2,5,Peripherique,2026-03-14
2799,205,Clavier Logitech,92.01,2,5,Peripherique,2026-04-19
2800,209,Disque SSD 1TB,125.91,4,10,Stockage,2025-04-03
2801,214,Tapis de souris XL,24.59,5,5,Accessoire,2025-07-30
2802,206,Souris Razer,54.73,1,0,Peripherique,2026-01-30
2803,209,Disque SSD 1TB,130.72,1,15,Stockage,2025-07-17
2804,206,Souris Razer,60.51,1,10,Peripherique,2025-05-30
2805,209,Disque SSD 1TB,118.19,2,0,Stockage,2026-02-12
2806,210,Webcam Logitech,80.52,1,15,Peripherique,2026-02-10
2807,214,Tapis de souris XL,26.41,4,0,Accessoire,2025-05-05
2808,201,Laptop Dell,1240.11,1,25,Informatique,2026-03-31
2809,209,Disque SSD 1TB,121.59,1,0,Stockage,2025-10-18
2810,202,Ecouteurs Sony,135.75,5,10,Audio,2026-02-23
2811,214,Tapis de souris XL,25.06,1,10,Accessoire,2025-07-12
2812,212,Chargeur USB-C,32.69,4,0,Accessoire,2026-02-16
2813,210,Webcam Logitech,86.31,2,5,Peripherique,2026-01-18
2814,205,Clavier Logitech,93.34,3,0,Peripherique,2026-02-25
2815,205,Clavier Logitech,89.92,4,0,Peripherique,2026-01-13
2816,204,Montre Apple Watch,399.46,5,0,Wearable,2025-07-21
2817,214,Tapis de souris XL,27.3,4,20,Accessoire,2026-02-04
2818,206,Souris Razer,64.88,2,5,Peripherique,2026-04-05
2819,210,Webcam Logitech,85.45,2,5,Peripherique,2025-08-19
2820,205,Clavier Logitech,88.03,5,25,Peripherique,2025-11-12
2821,200,Smartphone Samsung,612.97,1,5,Mobile,2026-03-13
2822,212,Chargeur USB-C,32.04,4,0,Accessoire,2026-03-22
2823,202,Ecouteurs Sony,136.78,1,10,Audio,2025-12-18
2824,214,Tapis de souris XL,26.11,2,0,Accessoire,2025-08-07
2825,208,Imprimante HP,204.55,2,10,Informatique,2025-05-28
2826,214,Tapis de souris XL,27.37,4,0,Accessoire,2026-03-09
2827,201,Laptop Dell,1145.57,5,0,Informatique,2025-09-27
2828,202,Ecouteurs Sony,146.54,5,10,Audio,2025-11-16
2829,206,Souris Razer,65.48,3,0,Peripherique,2025-12-11
2830,202,Ecouteurs Sony,164.03,1,5,Audio,2026-03-03
2831,209,Disque SSD 1TB,116.74,5,0,Stockage,2025-08-22
2832,209,Disque SSD 1TB,124.99,3,0,Stockage,2025-09-04
2833,206,Souris Razer,61.4,1,10,Peripherique,2025-05-23
2834,214,Tapis de souris XL,26.06,3,0,Accessoire,2025-11-13
2835,204,Montre Apple Watch,384.34,1,25,Wearable,2025-08-12
2836,206,Souris Razer,56.16,1,5,Peripherique,2026-04-22
2837,211,Casque Bose,293.35,5,0,Audio,2025-11-14
2838,206,Souris Razer,64.8,4,10,Peripherique,2025-11-27
2839,200,Smartphone Samsung,632.83,2,25,Mobile,2025-08-10
2840,205,Clavier Logitech,81.74,2,10,Peripherique,2026-04-20
2841,213,Hub USB,49.56,2,20,Accessoire,2026-03-23
2842,205,Clavier Logitech,81.57,1,0,Peripherique,2026-02-12
2843,210,Webcam Logitech,73.93,5,25,Peripherique,2025-08-03
2844,202,Ecouteurs Sony,150.7,1,0,Audio,2025-08-01
2845,205,Clavier Logitech,94.0,3,0,Peripherique,2025-04-22
2846,214,Tapis de souris XL,27.1,1,15,Accessoire,2026-01-09
2847,202,Ecouteurs Sony,144.89,5,0,Audio,2026-03-26
2848,213,Hub USB,53.93,2,10,Accessoire,2025-11-08
2849,206,Souris Razer,58.5,4,5,Peripherique,2026-03-29
2850,212,Chargeur USB-C,27.72,5,10,Accessoire,2025-12-08
2851,206,Souris Razer,57.68,5,0,Peripherique,2025-09-25
2852,204,Montre Apple Watch,439.68,3,0,Wearable,2026-03-31
2853,206,Souris Razer,58.73,5,0,Peripherique,2025-09-25
2854,214,Tapis de souris XL,24.18,1,25,Accessoire,2025-12-31
2855,200,Smartphone Samsung,634.9,2,10,Mobile,2025-05-14
2856,206,Souris Razer,54.88,3,5,Peripherique,2025-09-23
2857,205,Clavier Logitech,87.43,5,10,Peripherique,2025-12-18
2858,210,Webcam Logitech,79.24,3,5,Peripherique,2025-11-23
2859,209,Disque SSD 1TB,108.88,2,0,Stockage,2025-12-13
2860,202,Ecouteurs Sony,158.11,2,0,Audio,2026-01-06
2861,212,Chargeur USB-C,28.81,1,5,Accessoire,2026-01-23
2862,200,Smartphone Samsung,562.82,5,0,Mobile,2025-07-28
2863,214,Tapis de souris XL,25.74,3,10,Accessoire,2025-05-09
2864,209,Disque SSD 1TB,123.04,3,10,Stockage,2025-06-10
2865,200,Smartphone Samsung,550.27,2,20,Mobile,2026-04-25
2866,208,Imprimante HP,203.47,5,0,Informatique,2025-11-17
2867,202,Ecouteurs Sony,161.12,3,10,Audio,2025-12-01
2868,209,Disque SSD 1TB,123.88,5,25,Stockage,2025-12-19
2869,205,Clavier Logitech,81.44,3,0,Peripherique,2026-02-19
2870,202,Ecouteurs Sony,145.14,4,10,Audio,2025-12-06
2871,214,Tapis de souris XL,26.12,2,5,Accessoire,2026-03-19
2872,209,Disque SSD 1TB,111.9,4,0,Stockage,2025-05-10
2873,213,Hub USB,48.17,2,0,Accessoire,2025-08-15
2874,213,Hub USB,47.34,3,10,Accessoire,2025-04-13
2875,202,Ecouteurs Sony,144.64,3,20,Audio,2026-03-26
2876,200,Smartphone Samsung,622.26,5,5,Mobile,2026-01-08
2877,212,Chargeur USB-C,31.18,1,0,Accessoire,2025-05-15
2878,200,Smartphone Samsung,616.94,1,25,Mobile,2025-06-29
2879,202,Ecouteurs Sony,155.56,4,0,Audio,2026-03-14
2880,208,Imprimante HP,205.26,5,10,Informatique,2025-07-17
2881,214,Tapis de souris XL,25.64,4,25,Accessoire,2025-06-22
2882,202,Ecouteurs Sony,145.59,3,0,Audio,2025-10-25
2883,210,Webcam Logitech,86.59,5,5,Peripherique,2025-12-01
2884,207,Ecran LG 27,364.36,3,10,Affichage,2025-05-19
2885,209,Disque SSD 1TB,124.78,5,0,Stockage,2026-01-08
2886,214,Tapis de souris XL,23.61,1,5,Accessoire,2025-12-06
2887,213,Hub USB,51.46,1,0,Accessoire,2025-07-10
2888,207,Ecran LG 27,370.62,4,0,Affichage,2025-12-09
2889,204,Montre Apple Watch,376.55,3,0,Wearable,2025-10-30
2890,214,Tapis de souris XL,25.37,1,0,Accessoire,2025-04-06
2891,202,Ecouteurs Sony,159.78,5,15,Audio,2026-04-09
2892,206,Souris Razer,55.87,2,25,Peripherique,2026-04-11
2893,214,Tapis de souris XL,24.4,2,15,Accessoire,2026-03-04
2894,212,Chargeur USB-C,31.05,1,15,Accessoire,2025-07-11
2895,210,Webcam Logitech,84.98,5,0,Peripherique,2025-12-02
2896,202,Ecouteurs Sony,162.47,2,0,Audio,2025-07-06
2897,214,Tapis de souris XL,25.32,1,10,Accessoire,2025-09-27
2898,200,Smartphone Samsung,628.43,4,5,Mobile,2025-08-09
2899,208,Imprimante HP,197.38,5,5,Informatique,2026-03-25
2900,200,Smartphone Samsung,631.77,4,0,Mobile,2025-12-27
2901,213,Hub USB,45.02,2,5,Accessoire,2025-08-29
2902,212,Chargeur USB-C,32.03,4,15,Accessoire,2026-01-19
2903,206,Souris Razer,57.93,1,5,Peripherique,2025-07-28
2904,202,Ecouteurs Sony,144.39,2,0,Audio,2025-08-15
2905,212,Chargeur USB-C,32.58,3,10,Accessoire,2026-04-29
2906,212,Chargeur USB-C,28.39,4,0,Accessoire,2025-12-13
2907,210,Webcam Logitech,85.11,2,20,Peripherique,2025-10-29
2908,210,Webcam Logitech,80.91,4,15,Peripherique,2025-05-10
2909,210,Webcam Logitech,72.31,5,0,Peripherique,2025-11-06
2910,202,Ecouteurs Sony,136.92,2,0,Audio,2025-05-30
2911,210,Webcam Logitech,75.82,3,0,Peripherique,2026-02-27
2912,214,Tapis de souris XL,25.71,3,10,Accessoire,2025-09-30
2913,212,Chargeur USB-C,31.16,1,5,Accessoire,2026-04-09
2914,210,Webcam Logitech,73.47,1,5,Peripherique,2025-06-07
2915,213,Hub USB,52.37,3,20,Accessoire,2025-09-11
2916,201,Laptop Dell,1118.07,2,10,Informatique,2025-10-15
2917,212,Chargeur USB-C,32.7,1,10,Accessoire,2025-07-14
2918,212,Chargeur USB-C,30.86,3,10,Accessoire,2026-03-25
2919,205,Clavier Logitech,90.46,1,25,Peripherique,2026-04-05
2920,202,Ecouteurs Sony,160.21,3,20,Audio,2026-04-24
2921,210,Webcam Logitech,85.05,5,0,Peripherique,2025-08-09
2922,209,Disque SSD 1TB,119.72,5,5,Stockage,2025-11-10
2923,214,Tapis de souris XL,23.29,1,0,Accessoire,2025-07-05
2924,213,Hub USB,45.64,5,10,Accessoire,2025-06-25
2925,200,Smartphone Samsung,629.89,4,10,Mobile,2025-04-07
2926,213,Hub USB,48.24,1,10,Accessoire,2025-08-23
2927,210,Webcam Logitech,83.06,4,20,Peripherique,2025-10-14
2928,206,Souris Razer,60.7,1,0,Peripherique,2026-04-08
2929,212,Chargeur USB-C,32.01,2,5,Accessoire,2026-04-05
2930,213,Hub USB,48.83,5,15,Accessoire,2026-01-31
2931,204,Montre Apple Watch,411.04,1,0,Wearable,2026-04-01
2932,209,Disque SSD 1TB,131.49,4,10,Stockage,2025-12-12
2933,202,Ecouteurs Sony,161.66,3,0,Audio,2025-10-26
2934,201,Laptop Dell,1168.79,2,0,Informatique,2025-10-30
2935,213,Hub USB,50.69,1,0,Accessoire,2026-02-04
2936,210,Webcam Logitech,79.36,5,15,Peripherique,2025-09-15
2937,213,Hub USB,51.82,1,15,Accessoire,2025-06-15
2938,205,Clavier Logitech,87.45,5,0,Peripherique,2025-07-31
2939,207,Ecran LG 27,335.43,5,15,Affichage,2026-04-20
2940,211,Casque Bose,309.6,5,0,Audio,2025-07-01
2941,213,Hub USB,45.55,2,5,Accessoire,2026-04-07
2942,213,Hub USB,47.89,5,0,Accessoire,2025-08-28
2943,209,Disque SSD 1TB,120.3,1,0,Stockage,2025-11-06
2944,210,Webcam Logitech,81.68,5,10,Peripherique,2025-06-28
2945,206,Souris Razer,55.98,2,0,Peripherique,2026-01-13
2946,204,Montre Apple Watch,432.24,2,0,Wearable,2025-09-24
2947,209,Disque SSD 1TB,119.66,1,0,Stockage,2025-04-07
2948,202,Ecouteurs Sony,135.84,3,0,Audio,2025-07-07
2949,205,Clavier Logitech,85.6,1,0,Peripherique,2026-01-20
2950,214,Tapis de souris XL,25.51,4,0,Accessoire,2025-04-22
2951,202,Ecouteurs Sony,157.56,5,25,Audio,2025-10-15
2952,200,Smartphone Samsung,621.32,4,5,Mobile,2025-10-28
2953,202,Ecouteurs Sony,151.17,1,15,Audio,2025-09-29
2954,204,Montre Apple Watch,431.98,1,20,Wearable,2025-11-14
2955,209,Disque SSD 1TB,128.81,4,15,Stockage,2025-05-31
2956,208,Imprimante HP,192.38,4,15,Informatique,2026-01-01
2957,206,Souris Razer,64.24,1,5,Peripherique,2025-11-19
2958,208,Imprimante HP,201.37,1,0,Informatique,2025-05-19
2959,203,Tablette iPad,861.56,5,10,Mobile,2025-09-30
2960,214,Tapis de souris XL,26.39,3,0,Accessoire,2026-02-02
2961,214,Tapis de souris XL,27.36,4,20,Accessoire,2025-11-16
2962,210,Webcam Logitech,75.91,3,0,Peripherique,2026-02-24
2963,214,Tapis de souris XL,24.41,2,10,Accessoire,2025-12-03
2964,200,Smartphone Samsung,604.86,4,15,Mobile,2026-01-09
2965,214,Tapis de souris XL,23.43,3,0,Accessoire,2025-11-04
2966,214,Tapis de souris XL,23.46,2,0,Accessoire,2026-02-01
2967,208,Imprimante HP,185.59,5,5,Informatique,2025-10-17
2968,214,Tapis de souris XL,25.04,5,5,Accessoire,2025-05-01
2969,213,Hub USB,47.6,3,5,Accessoire,2025-10-01
2970,200,Smartphone Samsung,644.68,3,10,Mobile,2026-04-09
2971,203,Tablette iPad,741.7,2,0,Mobile,2026-04-06
2972,214,Tapis de souris XL,25.99,2,15,Accessoire,2026-03-10
2973,202,Ecouteurs Sony,139.34,3,20,Audio,2025-04-27
2974,208,Imprimante HP,190.08,2,15,Informatique,2025-05-31
2975,213,Hub USB,52.41,3,25,Accessoire,2025-11-27
2976,206,Souris Razer,57.37,3,5,Peripherique,2025-07-05
2977,212,Chargeur USB-C,30.55,5,0,Accessoire,2025-09-29
2978,202,Ecouteurs Sony,150.08,1,0,Audio,2025-11-30
2979,203,Tablette iPad,819.36,2,10,Mobile,2025-07-28
2980,210,Webcam Logitech,86.16,1,20,Peripherique,2025-08-18
2981,210,Webcam Logitech,72.64,2,15,Peripherique,2025-12-11
2982,210,Webcam Logitech,86.1,5,25,Peripherique,2026-04-23
2983,211,Casque Bose,305.42,1,10,Audio,2026-03-06
2984,201,Laptop Dell,1241.89,3,0,Informatique,2025-12-18
2985,201,Laptop Dell,1111.72,4,5,Informatique,2025-04-18
2986,210,Webcam Logitech,76.21,3,0,Peripherique,2025-07-21
2987,202,Ecouteurs Sony,146.35,4,10,Audio,2025-07-29
2988,209,Disque SSD 1TB,112.31,4,5,Stockage,2025-05-15
2989,206,Souris Razer,55.25,1,10,Peripherique,2026-03-09
2990,214,Tapis de souris XL,24.11,1,20,Accessoire,2025-07-11
2991,213,Hub USB,48.01,4,5,Accessoire,2026-02-08
2992,203,Tablette iPad,746.78,1,15,Mobile,2026-02-15
2993,209,Disque SSD 1TB,122.47,2,0,Stockage,2025-08-11
2994,214,Tapis de souris XL,22.71,1,10,Accessoire,2025-12-19
2995,209,Disque SSD 1TB,117.46,5,25,Stockage,2025-12-26
2996,206,Souris Razer,62.54,5,15,Peripherique,2025-07-06
2997,209,Disque SSD 1TB,122.03,3,10,Stockage,2025-11-07
2998,208,Imprimante HP,219.23,2,5,Informatique,2025-10-14
2999,212,Chargeur USB-C,27.2,5,0,Accessoire,2025-08-23
3000,207,Ecran LG 27,338.37,5,25,Affichage,2025-09-30
3001,204,Montre Apple Watch,367.52,2,0,Wearable,2025-11-03
3002,200,Smartphone Samsung,627.54,1,10,Mobile,2025-06-12
3003,205,Clavier Logitech,88.09,5,5,Peripherique,2025-05-15
3004,212,Chargeur USB-C,28.2,2,10,Accessoire,2026-01-07
3005,200,Smartphone Samsung,659.47,2,0,Mobile,2025-05-17
3006,210,Webcam Logitech,87.01,1,5,Peripherique,2025-07-27
3007,210,Webcam Logitech,82.68,4,5,Peripherique,2026-03-04
3008,205,Clavier Logitech,83.02,1,5,Peripherique,2025-04-20
3009,206,Souris Razer,58.38,3,25,Peripherique,2025-10-23
3010,212,Chargeur USB-C,30.8,5,20,Accessoire,2025-05-24
3011,211,Casque Bose,311.63,3,25,Audio,2025-06-13
3012,207,Ecran LG 27,369.75,4,5,Affichage,2026-02-21
3013,207,Ecran LG 27,330.78,3,10,Affichage,2025-10-08
3014,203,Tablette iPad,865.07,3,10,Mobile,2025-07-12
3015,214,Tapis de souris XL,25.37,4,20,Accessoire,2025-04-23
3016,214,Tapis de souris XL,27.12,3,20,Accessoire,2026-04-08
3017,210,Webcam Logitech,75.38,1,0,Peripherique,2026-01-02
3018,202,Ecouteurs Sony,157.12,2,5,Audio,2025-05-15
3019,207,Ecran LG 27,373.34,2,0,Affichage,2025-10-07
3020,211,Casque Bose,318.65,3,5,Audio,2025-05-17
3021,200,Smartphone Samsung,588.83,5,5,Mobile,2025-12-22
3022,207,Ecran LG 27,331.87,1,0,Affichage,2025-11-11
3023,202,Ecouteurs Sony,135.23,3,0,Audio,2026-04-05
3024,214,Tapis de souris XL,22.64,3,10,Accessoire,2025-09-06
3025,212,Chargeur USB-C,27.15,2,20,Accessoire,2026-02-26
3026,202,Ecouteurs Sony,141.89,2,10,Audio,2025-10-18
3027,206,Souris Razer,62.73,1,0,Peripherique,2026-01-31
3028,203,Tablette iPad,731.03,3,0,Mobile,2026-03-20
3029,202,Ecouteurs Sony,150.1,2,5,Audio,2025-08-05
3030,206,Souris Razer,64.51,5,0,Peripherique,2026-04-03
3031,206,Souris Razer,57.38,1,10,Peripherique,2025-08-27
3032,205,Clavier Logitech,98.65,5,10,Peripherique,2025-05-11
3033,207,Ecran LG 27,372.66,2,15,Affichage,2025-06-21
3034,200,Smartphone Samsung,629.71,1,10,Mobile,2026-01-28
3035,206,Souris Razer,55.38,2,25,Peripherique,2025-04-22
3036,209,Disque SSD 1TB,124.96,3,5,Stockage,2025-09-08
3037,203,Tablette iPad,795.32,4,10,Mobile,2025-05-05
3038,212,Chargeur USB-C,32.69,2,0,Accessoire,2025-06-11
3039,200,Smartphone Samsung,647.95,4,0,Mobile,2025-07-29
3040,202,Ecouteurs Sony,136.38,1,0,Audio,2025-10-11
3041,202,Ecouteurs Sony,144.13,4,0,Audio,2026-01-20
3042,205,Clavier Logitech,93.03,2,15,Peripherique,2026-04-06
3043,214,Tapis de souris XL,25.97,5,15,Accessoire,2025-07-10
3044,208,Imprimante HP,181.36,2,5,Informatique,2025-08-24
3045,203,Tablette iPad,862.06,1,0,Mobile,2026-03-22
3046,207,Ecran LG 27,340.19,3,0,Affichage,2025-08-08
3047,213,Hub USB,50.55,3,10,Accessoire,2026-03-10
3048,208,Imprimante HP,203.92,2,20,Informatique,2025-05-03
3049,203,Tablette iPad,858.57,3,15,Mobile,2026-02-09
3050,206,Souris Razer,58.97,2,10,Peripherique,2025-09-25
3051,202,Ecouteurs Sony,141.04,2,0,Audio,2025-04-03
3052,214,Tapis de souris XL,27.0,5,0,Accessoire,2026-03-09
3053,213,Hub USB,49.17,2,5,Accessoire,2025-10-18
3054,206,Souris Razer,58.88,1,0,Peripherique,2025-04-16
3055,207,Ecran LG 27,380.61,5,5,Affichage,2026-03-16
3056,213,Hub USB,54.05,4,15,Accessoire,2026-03-09
3057,200,Smartphone Samsung,636.11,4,10,Mobile,2026-01-13
3058,200,Smartphone Samsung,600.33,1,0,Mobile,2026-01-07
3059,204,Montre Apple Watch,419.17,5,15,Wearable,2025-09-07
3060,202,Ecouteurs Sony,158.86,4,10,Audio,2025-11-05
3061,212,Chargeur USB-C,28.66,1,15,Accessoire,2025-06-14
3062,208,Imprimante HP,213.35,1,5,Informatique,2025-08-07
3063,213,Hub USB,50.5,5,20,Accessoire,2025-06-05
3064,201,Laptop Dell,1154.72,1,5,Informatique,2026-03-14
3065,203,Tablette iPad,863.96,5,10,Mobile,2026-03-20
3066,206,Souris Razer,55.12,3,5,Peripherique,2025-10-14
3067,202,Ecouteurs Sony,148.57,3,25,Audio,2025-08-20
3068,209,Disque SSD 1TB,117.43,1,10,Stockage,2025-11-09
3069,202,Ecouteurs Sony,155.27,2,20,Audio,2025-07-09
3070,205,Clavier Logitech,93.4,4,10,Peripherique,2025-05-11
3071,213,Hub USB,50.61,3,0,Accessoire,2025-10-17
3072,200,Smartphone Samsung,546.42,2,15,Mobile,2025-12-15
3073,203,Tablette iPad,862.1,3,0,Mobile,2026-03-25
3074,204,Montre Apple Watch,422.21,2,0,Wearable,2026-03-23
3075,212,Chargeur USB-C,31.95,3,10,Accessoire,2025-08-24
3076,213,Hub USB,53.64,5,0,Accessoire,2025-11-06
3077,200,Smartphone Samsung,546.28,1,15,Mobile,2025-06-05
3078,209,Disque SSD 1TB,117.38,4,10,Stockage,2025-12-09
3079,206,Souris Razer,59.35,2,5,Peripherique,2026-04-08
3080,214,Tapis de souris XL,24.29,5,15,Accessoire,2026-03-24
3081,203,Tablette iPad,744.07,5,0,Mobile,2026-04-18
3082,212,Chargeur USB-C,31.15,1,10,Accessoire,2026-01-17
3083,212,Chargeur USB-C,27.25,4,10,Accessoire,2025-04-04
3084,210,Webcam Logitech,77.69,3,10,Peripherique,2025-11-20
3085,202,Ecouteurs Sony,162.39,4,5,Audio,2026-02-15
3086,213,Hub USB,48.8,4,20,Accessoire,2025-08-22
3087,214,Tapis de souris XL,27.05,3,5,Accessoire,2025-11-01
3088,209,Disque SSD 1TB,114.13,5,25,Stockage,2026-04-16
3089,214,Tapis de souris XL,24.89,1,0,Accessoire,2025-06-29
3090,212,Chargeur USB-C,31.93,5,0,Accessoire,2025-04-22
3091,205,Clavier Logitech,86.81,5,10,Peripherique,2025-06-13
3092,212,Chargeur USB-C,32.01,4,0,Accessoire,2026-04-01
3093,211,Casque Bose,309.9,4,0,Audio,2025-09-28
3094,203,Tablette iPad,728.64,3,15,Mobile,2025-10-22
3095,201,Laptop Dell,1150.61,1,25,Informatique,2025-06-17
3096,201,Laptop Dell,1143.88,2,20,Informatique,2025-05-08
3097,203,Tablette iPad,851.1,5,5,Mobile,2025-04-09
3098,214,Tapis de souris XL,24.14,5,0,Accessoire,2025-09-25
3099,200,Smartphone Samsung,557.09,1,10,Mobile,2025-06-15
3100,212,Chargeur USB-C,27.86,4,20,Accessoire,2025-06-17
3101,204,Montre Apple Watch,381.88,1,5,Wearable,2025-05-09
3102,201,Laptop Dell,1256.33,4,25,Informatique,2025-09-09
3103,205,Clavier Logitech,88.75,1,0,Peripherique,2026-02-13
3104,213,Hub USB,53.93,2,5,Accessoire,2026-03-12
3105,200,Smartphone Samsung,618.17,4,15,Mobile,2025-07-29
3106,205,Clavier Logitech,89.16,1,20,Peripherique,2026-02-09
3107,212,Chargeur USB-C,29.03,1,10,Accessoire,2025-07-02
3108,213,Hub USB,46.61,5,0,Accessoire,2025-11-22
3109,209,Disque SSD 1TB,118.97,2,0,Stockage,2025-09-26
3110,208,Imprimante HP,193.98,5,5,Informatique,2025-10-19
3111,205,Clavier Logitech,81.59,2,0,Peripherique,2025-12-15
3112,205,Clavier Logitech,82.76,5,5,Peripherique,2025-08-09
3113,210,Webcam Logitech,86.73,3,5,Peripherique,2026-03-15
3114,214,Tapis de souris XL,22.94,4,0,Accessoire,2026-03-28
3115,209,Disque SSD 1TB,110.13,4,15,Stockage,2025-09-01
3116,212,Chargeur USB-C,27.77,5,0,Accessoire,2025-11-25
3117,202,Ecouteurs Sony,138.49,2,0,Audio,2025-09-23
3118,202,Ecouteurs Sony,163.01,5,5,Audio,2025-05-03
3119,206,Souris Razer,64.93,1,10,Peripherique,2026-04-10
3120,201,Laptop Dell,1087.53,2,15,Informatique,2026-04-09
3121,202,Ecouteurs Sony,152.01,3,5,Audio,2025-05-10
3122,210,Webcam Logitech,78.72,3,20,Peripherique,2025-06-14
3123,200,Smartphone Samsung,541.13,1,0,Mobile,2025-08-25
3124,205,Clavier Logitech,90.43,4,0,Peripherique,2026-02-03
3125,203,Tablette iPad,725.26,1,10,Mobile,2025-07-13
3126,200,Smartphone Samsung,550.19,3,0,Mobile,2025-06-15
3127,214,Tapis de souris XL,26.56,2,25,Accessoire,2025-06-16
3128,204,Montre Apple Watch,420.51,5,0,Wearable,2025-08-23
3129,211,Casque Bose,327.38,4,0,Audio,2026-01-13
3130,209,Disque SSD 1TB,122.51,4,25,Stockage,2025-12-25
3131,203,Tablette iPad,805.1,3,10,Mobile,2025-04-23
3132,205,Clavier Logitech,82.05,5,15,Peripherique,2025-04-15
3133,206,Souris Razer,65.24,2,10,Peripherique,2025-11-14
3134,205,Clavier Logitech,81.06,5,15,Peripherique,2025-10-25
3135,210,Webcam Logitech,81.08,4,5,Peripherique,2025-05-27
3136,213,Hub USB,52.16,1,0,Accessoire,2025-09-29
3137,200,Smartphone Samsung,569.69,1,5,Mobile,2025-08-12
3138,202,Ecouteurs Sony,138.21,3,10,Audio,2025-09-24
3139,205,Clavier Logitech,97.82,4,15,Peripherique,2025-06-10
3140,203,Tablette iPad,748.57,1,0,Mobile,2025-08-15
3141,206,Souris Razer,64.49,2,5,Peripherique,2025-05-31
3142,206,Souris Razer,65.15,1,5,Peripherique,2025-06-13
3143,210,Webcam Logitech,72.99,1,25,Peripherique,2025-08-02
3144,205,Clavier Logitech,97.79,4,0,Peripherique,2025-08-13
3145,205,Clavier Logitech,90.1,5,10,Peripherique,2026-04-27
3146,201,Laptop Dell,1178.77,2,0,Informatique,2025-07-25
3147,206,Souris Razer,61.12,2,10,Peripherique,2025-12-06
3148,205,Clavier Logitech,88.06,1,25,Peripherique,2026-04-16
3149,201,Laptop Dell,1258.5,4,5,Informatique,2026-04-21
3150,212,Chargeur USB-C,32.39,3,15,Accessoire,2025-04-09
3151,209,Disque SSD 1TB,114.2,3,10,Stockage,2026-04-06
3152,207,Ecran LG 27,360.12,4,20,Affichage,2025-07-20
3153,206,Souris Razer,61.03,5,5,Peripherique,2025-05-26
3154,207,Ecran LG 27,332.75,1,10,Affichage,2025-07-25
3155,206,Souris Razer,60.24,2,5,Peripherique,2026-04-04
3156,209,Disque SSD 1TB,116.38,1,0,Stockage,2025-09-09
3157,213,Hub USB,45.11,4,10,Accessoire,2025-04-15
3158,214,Tapis de souris XL,26.48,3,0,Accessoire,2025-12-27
3159,205,Clavier Logitech,93.19,1,0,Peripherique,2025-10-29
3160,214,Tapis de souris XL,24.59,4,5,Accessoire,2025-09-30
3161,200,Smartphone Samsung,615.57,5,10,Mobile,2025-09-10
3162,210,Webcam Logitech,83.24,5,20,Peripherique,2025-08-25
3163,208,Imprimante HP,211.13,2,0,Informatique,2025-07-23
3164,202,Ecouteurs Sony,158.71,1,5,Audio,2025-09-14
3165,200,Smartphone Samsung,635.01,3,10,Mobile,2025-10-14
3166,200,Smartphone Samsung,640.81,4,5,Mobile,2025-05-15
3167,203,Tablette iPad,790.14,5,0,Mobile,2025-11-05
3168,204,Montre Apple Watch,360.17,3,25,Wearable,2026-01-22
3169,212,Chargeur USB-C,31.12,3,15,Accessoire,2026-01-19
3170,214,Tapis de souris XL,24.43,4,0,Accessoire,2025-11-10
3171,203,Tablette iPad,850.46,1,25,Mobile,2026-03-04
3172,210,Webcam Logitech,73.41,5,5,Peripherique,2025-10-21
3173,207,Ecran LG 27,321.87,2,5,Affichage,2025-11-06
3174,206,Souris Razer,61.83,1,20,Peripherique,2026-04-14
3175,213,Hub USB,48.07,4,5,Accessoire,2025-05-09
3176,214,Tapis de souris XL,27.06,5,20,Accessoire,2026-02-24
3177,205,Clavier Logitech,82.32,2,0,Peripherique,2025-10-20
3178,210,Webcam Logitech,84.44,4,15,Peripherique,2025-11-11
3179,212,Chargeur USB-C,29.21,5,0,Accessoire,2025-06-25
3180,206,Souris Razer,63.86,5,20,Peripherique,2026-03-23
3181,203,Tablette iPad,870.05,4,15,Mobile,2025-04-24
3182,213,Hub USB,54.82,3,10,Accessoire,2026-01-27
3183,211,Casque Bose,290.48,5,10,Audio,2026-03-24
3184,210,Webcam Logitech,85.32,3,10,Peripherique,2025-12-06
3185,214,Tapis de souris XL,27.28,4,10,Accessoire,2026-03-03
3186,214,Tapis de souris XL,24.29,5,25,Accessoire,2025-05-17
3187,202,Ecouteurs Sony,160.28,4,15,Audio,2025-12-13
3188,213,Hub USB,51.21,2,10,Accessoire,2025-06-17
3189,200,Smartphone Samsung,601.1,4,0,Mobile,2025-11-14
3190,213,Hub USB,50.74,4,5,Accessoire,2026-04-25
3191,210,Webcam Logitech,72.38,2,15,Peripherique,2025-11-29
3192,213,Hub USB,46.43,2,0,Accessoire,2026-01-05
3193,208,Imprimante HP,216.89,3,10,Informatique,2025-04-16
3194,208,Imprimante HP,196.0,4,10,Informatique,2025-05-16
3195,205,Clavier Logitech,92.98,4,25,Peripherique,2025-06-02
3196,202,Ecouteurs Sony,146.81,2,20,Audio,2025-07-28
3197,214,Tapis de souris XL,25.76,4,15,Accessoire,2026-04-04
3198,202,Ecouteurs Sony,142.78,4,0,Audio,2025-04-25
3199,214,Tapis de souris XL,25.0,5,15,Accessoire,2025-07-28
3200,205,Clavier Logitech,91.5,3,10,Peripherique,2025-11-05
3201,204,Montre Apple Watch,413.62,1,5,Wearable,2025-10-02
3202,209,Disque SSD 1TB,120.8,1,5,Stockage,2025-04-16
3203,205,Clavier Logitech,94.32,3,15,Peripherique,2025-07-02
3204,206,Souris Razer,57.29,5,10,Peripherique,2025-05-05
3205,203,Tablette iPad,785.39,1,5,Mobile,2025-04-11
3206,204,Montre Apple Watch,371.72,5,20,Wearable,2025-10-17
3207,200,Smartphone Samsung,639.76,2,15,Mobile,2025-08-31
3208,203,Tablette iPad,778.89,5,5,Mobile,2025-11-14
3209,212,Chargeur USB-C,31.54,5,10,Accessoire,2026-01-03
3210,202,Ecouteurs Sony,135.94,2,5,Audio,2025-09-11
3211,212,Chargeur USB-C,30.28,3,15,Accessoire,2025-08-11
3212,202,Ecouteurs Sony,144.3,3,0,Audio,2026-01-14
3213,209,Disque SSD 1TB,123.7,1,10,Stockage,2025-08-24
3214,206,Souris Razer,61.79,4,0,Peripherique,2026-03-21
3215,204,Montre Apple Watch,423.15,2,5,Wearable,2026-02-11
3216,213,Hub USB,47.6,2,0,Accessoire,2025-04-14
3217,210,Webcam Logitech,76.45,5,5,Peripherique,2025-05-08
3218,210,Webcam Logitech,74.77,3,0,Peripherique,2026-04-18
3219,210,Webcam Logitech,72.22,3,5,Peripherique,2025-11-27
3220,203,Tablette iPad,736.5,4,15,Mobile,2026-02-02
3221,212,Chargeur USB-C,32.4,3,10,Accessoire,2025-11-21
3222,201,Laptop Dell,1148.85,3,15,Informatique,2026-04-03
3223,202,Ecouteurs Sony,137.17,1,5,Audio,2025-11-09
3224,208,Imprimante HP,197.87,1,15,Informatique,2026-02-18
3225,202,Ecouteurs Sony,137.22,1,0,Audio,2025-09-10
3226,206,Souris Razer,61.37,1,0,Peripherique,2025-12-12
3227,212,Chargeur USB-C,32.07,1,0,Accessoire,2026-02-08
3228,206,Souris Razer,58.48,1,15,Peripherique,2025-04-17
3229,214,Tapis de souris XL,27.04,5,0,Accessoire,2025-04-01
3230,210,Webcam Logitech,87.93,2,0,Peripherique,2025-09-18
3231,200,Smartphone Samsung,589.25,5,10,Mobile,2025-11-07
3232,212,Chargeur USB-C,32.98,3,5,Accessoire,2025-08-19
3233,206,Souris Razer,55.97,2,0,Peripherique,2025-11-12
3234,212,Chargeur USB-C,32.44,4,10,Accessoire,2026-04-04
3235,200,Smartphone Samsung,630.09,2,20,Mobile,2025-08-16
3236,200,Smartphone Samsung,600.34,4,10,Mobile,2025-04-28
3237,205,Clavier Logitech,83.4,4,5,Peripherique,2026-02-02
3238,214,Tapis de souris XL,26.3,1,10,Accessoire,2025-04-25
3239,206,Souris Razer,57.14,2,10,Peripherique,2026-01-05
3240,202,Ecouteurs Sony,149.86,3,10,Audio,2025-04-02
3241,203,Tablette iPad,762.37,2,0,Mobile,2025-04-28
3242,212,Chargeur USB-C,32.36,2,5,Accessoire,2025-11-09
3243,202,Ecouteurs Sony,160.79,5,15,Audio,2025-08-11
3244,200,Smartphone Samsung,560.02,5,5,Mobile,2025-04-22
3245,210,Webcam Logitech,86.64,2,25,Peripherique,2025-11-28
3246,204,Montre Apple Watch,396.87,5,15,Wearable,2026-02-11
3247,203,Tablette iPad,816.21,2,0,Mobile,2026-01-31
3248,213,Hub USB,49.8,1,5,Accessoire,2025-10-08
3249,212,Chargeur USB-C,28.39,4,5,Accessoire,2025-08-27
3250,202,Ecouteurs Sony,159.36,3,5,Audio,2026-01-30
3251,203,Tablette iPad,743.31,1,15,Mobile,2026-03-18
3252,214,Tapis de souris XL,25.71,1,10,Accessoire,2025-10-10
3253,204,Montre Apple Watch,396.88,2,5,Wearable,2026-04-15
3254,211,Casque Bose,275.42,1,0,Audio,2025-12-20
3255,205,Clavier Logitech,87.08,3,5,Peripherique,2025-07-08
3256,200,Smartphone Samsung,540.5,1,0,Mobile,2026-02-12
3257,207,Ecran LG 27,382.59,3,5,Affichage,2026-04-08
3258,201,Laptop Dell,1290.21,4,25,Informatique,2025-04-02
3259,201,Laptop Dell,1123.47,4,0,Informatique,2025-10-05
3260,206,Souris Razer,57.01,5,0,Peripherique,2026-01-31
3261,214,Tapis de souris XL,25.67,2,0,Accessoire,2025-12-04
3262,205,Clavier Logitech,93.18,4,0,Peripherique,2025-09-18
3263,212,Chargeur USB-C,30.74,1,0,Accessoire,2026-01-17
3264,203,Tablette iPad,804.52,2,5,Mobile,2025-05-19
3265,206,Souris Razer,65.65,4,20,Peripherique,2026-04-03
3266,214,Tapis de souris XL,24.67,1,5,Accessoire,2025-10-30
3267,210,Webcam Logitech,74.2,4,15,Peripherique,2025-07-28
3268,213,Hub USB,50.17,4,25,Accessoire,2025-05-13
3269,214,Tapis de souris XL,24.55,3,15,Accessoire,2025-10-28
3270,206,Souris Razer,56.26,1,10,Peripherique,2025-04-06
3271,200,Smartphone Samsung,648.43,5,5,Mobile,2025-11-06
3272,212,Chargeur USB-C,30.36,3,10,Accessoire,2026-04-19
3273,212,Chargeur USB-C,30.72,2,20,Accessoire,2026-04-04
3274,206,Souris Razer,54.8,5,5,Peripherique,2025-07-11
3275,207,Ecran LG 27,352.34,3,5,Affichage,2025-08-04
3276,209,Disque SSD 1TB,123.57,1,0,Stockage,2025-10-25
3277,202,Ecouteurs Sony,145.63,4,0,Audio,2026-03-30
3278,210,Webcam Logitech,78.47,2,0,Peripherique,2025-09-01
3279,202,Ecouteurs Sony,155.64,4,10,Audio,2025-12-16
3280,206,Souris Razer,59.94,1,15,Peripherique,2025-05-22
3281,207,Ecran LG 27,383.13,5,5,Affichage,2025-05-11
3282,209,Disque SSD 1TB,124.79,3,20,Stockage,2025-10-04
3283,203,Tablette iPad,732.86,2,10,Mobile,2025-06-11
3284,204,Montre Apple Watch,419.0,3,10,Wearable,2025-08-26
3285,209,Disque SSD 1TB,126.53,3,5,Stockage,2025-07-03
3286,209,Disque SSD 1TB,117.53,2,20,Stockage,2025-10-17
3287,212,Chargeur USB-C,28.57,2,0,Accessoire,2026-04-27
3288,212,Chargeur USB-C,29.88,1,0,Accessoire,2025-11-28
3289,213,Hub USB,52.5,4,0,Accessoire,2026-02-05
3290,214,Tapis de souris XL,24.94,4,0,Accessoire,2025-10-07
3291,214,Tapis de souris XL,23.55,2,25,Accessoire,2025-05-08
3292,210,Webcam Logitech,78.66,2,0,Peripherique,2025-05-13
3293,202,Ecouteurs Sony,136.41,2,5,Audio,2025-07-15
3294,214,Tapis de souris XL,26.3,3,5,Accessoire,2025-10-18
3295,202,Ecouteurs Sony,152.28,4,10,Audio,2026-03-29
3296,210,Webcam Logitech,77.5,1,0,Peripherique,2025-08-24
3297,205,Clavier Logitech,82.04,5,25,Peripherique,2026-03-25
3298,209,Disque SSD 1TB,115.96,5,5,Stockage,2025-10-29
3299,212,Chargeur USB-C,29.43,1,25,Accessoire,2025-12-31
3300,206,Souris Razer,65.23,3,15,Peripherique,2025-06-02
3301,205,Clavier Logitech,97.53,4,0,Peripherique,2025-11-28
3302,212,Chargeur USB-C,27.07,5,5,Accessoire,2025-07-11
3303,200,Smartphone Samsung,603.55,4,10,Mobile,2025-08-21
3304,214,Tapis de souris XL,26.35,2,20,Accessoire,2025-08-26
3305,212,Chargeur USB-C,32.8,1,5,Accessoire,2025-08-11
3306,206,Souris Razer,65.8,2,5,Peripherique,2025-09-20
3307,212,Chargeur USB-C,32.19,5,15,Accessoire,2025-09-02
3308,214,Tapis de souris XL,25.09,5,10,Accessoire,2026-02-22
3309,209,Disque SSD 1TB,122.98,2,20,Stockage,2025-05-31
3310,203,Tablette iPad,855.76,5,0,Mobile,2025-10-23
3311,212,Chargeur USB-C,28.76,3,5,Accessoire,2025-12-10
3312,206,Souris Razer,55.62,1,25,Peripherique,2025-08-12
3313,205,Clavier Logitech,86.47,2,25,Peripherique,2025-05-09
3314,209,Disque SSD 1TB,128.46,1,10,Stockage,2025-05-25
3315,201,Laptop Dell,1084.63,3,15,Informatique,2025-04-03
3316,207,Ecran LG 27,332.3,3,5,Affichage,2026-03-13
3317,214,Tapis de souris XL,26.24,2,20,Accessoire,2025-10-25
3318,212,Chargeur USB-C,29.46,4,10,Accessoire,2025-06-20
3319,205,Clavier Logitech,96.67,2,5,Peripherique,2025-10-25
3320,201,Laptop Dell,1130.48,5,10,Informatique,2025-10-16
3321,205,Clavier Logitech,92.03,4,0,Peripherique,2026-01-29
3322,213,Hub USB,47.85,1,20,Accessoire,2025-07-25
3323,202,Ecouteurs Sony,161.38,1,0,Audio,2026-01-29
3324,200,Smartphone Samsung,609.06,1,0,Mobile,2025-12-30
3325,210,Webcam Logitech,87.51,3,5,Peripherique,2026-04-22
3326,214,Tapis de souris XL,25.42,1,5,Accessoire,2025-10-12
3327,203,Tablette iPad,726.02,4,20,Mobile,2026-01-19
3328,210,Webcam Logitech,78.98,5,5,Peripherique,2025-10-07
3329,213,Hub USB,52.63,3,10,Accessoire,2025-09-01
3330,206,Souris Razer,56.02,3,5,Peripherique,2025-08-19
3331,206,Souris Razer,63.74,4,20,Peripherique,2025-07-29
3332,200,Smartphone Samsung,574.12,4,15,Mobile,2025-04-20
3333,214,Tapis de souris XL,23.82,4,5,Accessoire,2025-11-30
3334,204,Montre Apple Watch,433.94,4,20,Wearable,2026-03-24
3335,205,Clavier Logitech,82.49,3,15,Peripherique,2026-03-22
3336,211,Casque Bose,309.75,1,0,Audio,2025-04-02
3337,202,Ecouteurs Sony,144.5,1,20,Audio,2025-12-09
3338,204,Montre Apple Watch,406.05,2,0,Wearable,2025-05-28
3339,200,Smartphone Samsung,654.22,5,0,Mobile,2025-04-01
3340,208,Imprimante HP,204.14,4,0,Informatique,2025-06-30
3341,207,Ecran LG 27,349.47,2,5,Affichage,2025-08-26
3342,214,Tapis de souris XL,26.53,2,15,Accessoire,2026-04-18
3343,206,Souris Razer,56.83,4,25,Peripherique,2026-03-07
3344,209,Disque SSD 1TB,119.36,3,0,Stockage,2025-10-26
3345,204,Montre Apple Watch,396.19,5,5,Wearable,2025-10-11
3346,206,Souris Razer,56.17,1,5,Peripherique,2026-03-17
3347,208,Imprimante HP,198.74,2,10,Informatique,2025-11-13
3348,205,Clavier Logitech,98.93,5,0,Peripherique,2026-04-04
3349,200,Smartphone Samsung,566.3,5,5,Mobile,2025-04-11
3350,214,Tapis de souris XL,24.52,4,20,Accessoire,2026-02-11
3351,208,Imprimante HP,201.26,4,25,Informatique,2025-07-15
3352,208,Imprimante HP,197.45,1,20,Informatique,2026-04-10
3353,205,Clavier Logitech,95.04,4,0,Peripherique,2025-05-03
3354,206,Souris Razer,56.31,2,25,Peripherique,2025-12-06
3355,201,Laptop Dell,1183.06,3,15,Informatique,2025-11-23
3356,201,Laptop Dell,1261.32,4,5,Informatique,2025-08-06
3357,213,Hub USB,46.1,1,20,Accessoire,2025-06-08
3358,214,Tapis de souris XL,26.26,5,10,Accessoire,2025-10-21
3359,210,Webcam Logitech,84.91,5,0,Peripherique,2025-09-12
3360,202,Ecouteurs Sony,158.1,4,5,Audio,2025-09-22
3361,202,Ecouteurs Sony,155.71,3,25,Audio,2025-12-10
3362,200,Smartphone Samsung,590.73,4,10,Mobile,2025-06-02
3363,205,Clavier Logitech,98.46,5,10,Peripherique,2025-09-08
3364,202,Ecouteurs Sony,156.7,1,0,Audio,2025-07-01
3365,207,Ecran LG 27,347.0,4,5,Affichage,2026-01-16
3366,209,Disque SSD 1TB,124.72,5,10,Stockage,2025-05-19
3367,204,Montre Apple Watch,373.13,5,5,Wearable,2025-08-17
3368,214,Tapis de souris XL,26.64,4,20,Accessoire,2025-04-23
3369,202,Ecouteurs Sony,149.33,2,5,Audio,2025-04-08
3370,214,Tapis de souris XL,25.83,2,0,Accessoire,2025-10-01
3371,210,Webcam Logitech,75.17,5,25,Peripherique,2025-12-23
3372,203,Tablette iPad,869.82,5,10,Mobile,2026-01-16
3373,213,Hub USB,45.82,2,15,Accessoire,2026-04-24
3374,205,Clavier Logitech,92.44,4,10,Peripherique,2026-01-01
3375,206,Souris Razer,57.92,2,0,Peripherique,2025-04-02
3376,213,Hub USB,48.43,2,0,Accessoire,2025-04-07
3377,210,Webcam Logitech,76.08,2,20,Peripherique,2026-01-24
3378,203,Tablette iPad,841.85,4,0,Mobile,2025-07-02
3379,212,Chargeur USB-C,32.7,5,0,Accessoire,2025-09-29
3380,208,Imprimante HP,210.18,3,0,Informatique,2025-12-26
3381,210,Webcam Logitech,74.71,2,25,Peripherique,2026-04-10
3382,209,Disque SSD 1TB,122.7,5,0,Stockage,2025-06-10
3383,212,Chargeur USB-C,28.9,3,5,Accessoire,2025-04-21
3384,210,Webcam Logitech,77.38,3,20,Peripherique,2026-01-20
3385,214,Tapis de souris XL,23.37,2,15,Accessoire,2025-11-17
3386,208,Imprimante HP,189.92,1,15,Informatique,2026-02-18
3387,205,Clavier Logitech,89.28,3,5,Peripherique,2025-05-25
3388,207,Ecran LG 27,370.32,1,25,Affichage,2025-09-20
3389,212,Chargeur USB-C,28.61,4,25,Accessoire,2026-04-22
3390,200,Smartphone Samsung,606.88,2,0,Mobile,2026-02-27
3391,208,Imprimante HP,210.14,5,5,Informatique,2025-12-26
3392,214,Tapis de souris XL,22.55,2,5,Accessoire,2025-11-08
3393,206,Souris Razer,60.09,5,0,Peripherique,2025-06-19
3394,205,Clavier Logitech,90.91,3,25,Peripherique,2025-09-25
3395,209,Disque SSD 1TB,113.11,4,0,Stockage,2025-05-01
3396,212,Chargeur USB-C,30.41,3,5,Accessoire,2025-08-11
3397,202,Ecouteurs Sony,163.62,4,0,Audio,2025-10-12
3398,210,Webcam Logitech,77.86,2,5,Peripherique,2025-04-07
3399,202,Ecouteurs Sony,150.95,3,5,Audio,2025-12-02
3400,212,Chargeur USB-C,28.05,1,0,Accessoire,2025-12-30
3401,210,Webcam Logitech,74.62,2,25,Peripherique,2025-11-03
3402,202,Ecouteurs Sony,152.02,4,0,Audio,2025-10-19
3403,213,Hub USB,45.56,4,0,Accessoire,2025-04-12
3404,212,Chargeur USB-C,31.25,4,10,Accessoire,2025-11-19
3405,210,Webcam Logitech,80.7,1,10,Peripherique,2026-04-24
3406,208,Imprimante HP,205.28,3,0,Informatique,2025-05-01
3407,205,Clavier Logitech,88.22,2,10,Peripherique,2026-04-29
3408,210,Webcam Logitech,87.77,5,10,Peripherique,2025-05-06
3409,210,Webcam Logitech,82.5,3,5,Peripherique,2025-05-01
3410,213,Hub USB,51.54,5,25,Accessoire,2025-08-17
3411,212,Chargeur USB-C,32.63,5,15,Accessoire,2026-01-21
3412,208,Imprimante HP,196.67,1,5,Informatique,2026-02-16
3413,204,Montre Apple Watch,372.46,5,0,Wearable,2026-03-22
3414,203,Tablette iPad,835.2,5,0,Mobile,2025-06-12
3415,207,Ecran LG 27,336.99,1,5,Affichage,2025-10-13
3416,209,Disque SSD 1TB,125.44,2,10,Stockage,2025-07-16
3417,207,Ecran LG 27,343.05,4,10,Affichage,2025-07-19
3418,211,Casque Bose,272.75,4,10,Audio,2025-09-19
3419,202,Ecouteurs Sony,139.04,3,15,Audio,2026-02-24
3420,202,Ecouteurs Sony,160.27,2,15,Audio,2025-11-05
3421,207,Ecran LG 27,322.61,3,5,Affichage,2025-05-28
3422,205,Clavier Logitech,84.5,2,10,Peripherique,2025-10-26
3423,209,Disque SSD 1TB,126.33,3,5,Stockage,2025-05-20
3424,205,Clavier Logitech,88.23,4,5,Peripherique,2026-03-19
3425,213,Hub USB,46.71,2,5,Accessoire,2026-04-02
3426,206,Souris Razer,55.81,2,5,Peripherique,2025-07-27
3427,200,Smartphone Samsung,554.98,2,10,Mobile,2025-12-08
3428,202,Ecouteurs Sony,144.44,1,20,Audio,2025-07-06
3429,213,Hub USB,47.05,4,0,Accessoire,2026-03-31
3430,212,Chargeur USB-C,27.42,2,0,Accessoire,2026-04-02
3431,212,Chargeur USB-C,29.16,3,0,Accessoire,2026-02-02
3432,213,Hub USB,54.2,3,5,Accessoire,2025-10-07
3433,206,Souris Razer,63.59,5,5,Peripherique,2026-03-11
3434,210,Webcam Logitech,76.51,1,5,Peripherique,2025-06-24
3435,200,Smartphone Samsung,558.04,1,25,Mobile,2026-02-07
3436,202,Ecouteurs Sony,151.85,5,10,Audio,2025-10-01
3437,206,Souris Razer,57.96,1,20,Peripherique,2026-04-05
3438,201,Laptop Dell,1085.91,2,20,Informatique,2026-02-12
3439,212,Chargeur USB-C,29.61,5,10,Accessoire,2025-08-30
3440,208,Imprimante HP,204.09,1,10,Informatique,2025-06-27
3441,202,Ecouteurs Sony,152.95,1,10,Audio,2025-07-13
3442,206,Souris Razer,56.76,3,10,Peripherique,2025-04-08
3443,211,Casque Bose,276.34,3,0,Audio,2025-06-28
3444,214,Tapis de souris XL,24.79,2,10,Accessoire,2026-04-23
3445,202,Ecouteurs Sony,146.51,1,25,Audio,2025-06-25
3446,207,Ecran LG 27,376.61,1,10,Affichage,2025-05-07
3447,202,Ecouteurs Sony,150.37,2,10,Audio,2025-12-08
3448,213,Hub USB,45.82,2,0,Accessoire,2025-11-14
3449,203,Tablette iPad,777.0,5,5,Mobile,2026-04-16
3450,214,Tapis de souris XL,23.23,1,10,Accessoire,2026-01-13
3451,201,Laptop Dell,1132.67,1,0,Informatique,2025-05-22
3452,209,Disque SSD 1TB,115.54,2,0,Stockage,2025-08-10
3453,212,Chargeur USB-C,30.15,5,5,Accessoire,2026-03-12
3454,214,Tapis de souris XL,24.54,2,0,Accessoire,2025-07-30
3455,202,Ecouteurs Sony,140.98,3,20,Audio,2026-01-02
3456,206,Souris Razer,56.55,3,0,Peripherique,2025-09-04
3457,212,Chargeur USB-C,27.64,5,10,Accessoire,2026-02-11
3458,202,Ecouteurs Sony,147.75,4,10,Audio,2025-12-05
3459,205,Clavier Logitech,97.2,5,5,Peripherique,2025-04-05
3460,212,Chargeur USB-C,29.09,5,0,Accessoire,2025-04-29
3461,208,Imprimante HP,218.57,5,0,Informatique,2025-05-11
3462,210,Webcam Logitech,78.71,2,15,Peripherique,2025-06-23
3463,200,Smartphone Samsung,606.46,2,25,Mobile,2025-09-12
3464,206,Souris Razer,62.41,4,25,Peripherique,2025-12-03
3465,212,Chargeur USB-C,29.54,5,0,Accessoire,2025-05-15
3466,214,Tapis de souris XL,22.93,4,5,Accessoire,2026-02-11
3467,202,Ecouteurs Sony,136.11,5,25,Audio,2025-10-21
3468,208,Imprimante HP,192.13,2,15,Informatique,2025-09-27
3469,211,Casque Bose,316.03,4,10,Audio,2025-06-03
3470,210,Webcam Logitech,72.39,4,0,Peripherique,2025-08-24
3471,214,Tapis de souris XL,26.07,3,25,Accessoire,2025-10-21
3472,210,Webcam Logitech,85.72,1,0,Peripherique,2025-04-15
3473,204,Montre Apple Watch,404.27,3,20,Wearable,2026-02-23
3474,205,Clavier Logitech,92.98,3,20,Peripherique,2025-05-25
3475,210,Webcam Logitech,77.73,3,25,Peripherique,2026-02-18
3476,210,Webcam Logitech,80.88,3,0,Peripherique,2025-10-10
3477,202,Ecouteurs Sony,161.59,4,20,Audio,2025-09-12
3478,200,Smartphone Samsung,650.56,3,20,Mobile,2025-05-02
3479,201,Laptop Dell,1237.31,5,25,Informatique,2025-10-20
3480,212,Chargeur USB-C,27.87,4,10,Accessoire,2025-10-09
3481,200,Smartphone Samsung,606.37,2,5,Mobile,2025-10-04
3482,210,Webcam Logitech,86.87,3,10,Peripherique,2026-04-25
3483,209,Disque SSD 1TB,123.66,4,0,Stockage,2025-10-21
3484,212,Chargeur USB-C,29.68,2,0,Accessoire,2026-03-25
3485,212,Chargeur USB-C,28.97,3,10,Accessoire,2026-04-08
3486,214,Tapis de souris XL,25.63,5,15,Accessoire,2025-10-06
3487,201,Laptop Dell,1180.78,2,20,Informatique,2025-08-28
3488,213,Hub USB,54.09,1,20,Accessoire,2025-05-18
3489,209,Disque SSD 1TB,114.52,3,0,Stockage,2025-07-27
3490,200,Smartphone Samsung,648.07,1,25,Mobile,2026-01-23
3491,213,Hub USB,52.32,4,10,Accessoire,2026-01-17
3492,207,Ecran LG 27,330.56,5,5,Affichage,2025-07-26
3493,212,Chargeur USB-C,28.45,5,10,Accessoire,2025-08-11
3494,207,Ecran LG 27,345.3,1,10,Affichage,2026-04-15
3495,213,Hub USB,49.21,4,0,Accessoire,2025-08-04
3496,212,Chargeur USB-C,29.07,5,0,Accessoire,2025-07-03
3497,206,Souris Razer,54.95,2,0,Peripherique,2025-11-05
3498,206,Souris Razer,61.28,1,0,Peripherique,2025-12-10
3499,200,Smartphone Samsung,559.51,1,5,Mobile,2025-05-17
3500,202,Ecouteurs Sony,139.99,5,0,Audio,2025-06-12
3501,210,Webcam Logitech,84.35,2,15,Peripherique,2025-08-07
3502,200,Smartphone Samsung,647.64,4,0,Mobile,2025-04-17
3503,205,Clavier Logitech,96.23,3,25,Peripherique,2025-12-05
3504,204,Montre Apple Watch,427.5,2,0,Wearable,2026-02-03
3505,204,Montre Apple Watch,402.73,4,10,Wearable,2025-08-04
3506,213,Hub USB,49.33,4,0,Accessoire,2025-04-05
3507,213,Hub USB,54.77,3,0,Accessoire,2025-04-09
3508,202,Ecouteurs Sony,150.77,2,5,Audio,2026-03-07
3509,204,Montre Apple Watch,413.71,4,0,Wearable,2026-03-24
3510,205,Clavier Logitech,98.23,2,20,Peripherique,2026-02-02
3511,201,Laptop Dell,1174.19,2,0,Informatique,2026-04-07
3512,209,Disque SSD 1TB,116.44,1,25,Stockage,2025-06-01
3513,202,Ecouteurs Sony,142.2,3,25,Audio,2026-03-20
3514,203,Tablette iPad,856.89,2,10,Mobile,2025-09-19
3515,213,Hub USB,50.07,3,10,Accessoire,2025-09-10
3516,202,Ecouteurs Sony,151.49,1,20,Audio,2025-05-29
3517,200,Smartphone Samsung,547.9,3,15,Mobile,2025-09-10
3518,206,Souris Razer,57.95,4,25,Peripherique,2026-03-31
3519,212,Chargeur USB-C,28.33,3,5,Accessoire,2025-12-21
3520,204,Montre Apple Watch,382.56,4,0,Wearable,2025-11-22
3521,213,Hub USB,51.11,3,0,Accessoire,2025-09-14
3522,202,Ecouteurs Sony,135.39,4,0,Audio,2025-04-22
3523,212,Chargeur USB-C,27.79,5,0,Accessoire,2026-03-15
3524,210,Webcam Logitech,84.01,5,15,Peripherique,2026-01-07
3525,205,Clavier Logitech,91.39,5,0,Peripherique,2025-08-09
3526,209,Disque SSD 1TB,120.47,1,10,Stockage,2025-11-23
3527,202,Ecouteurs Sony,150.99,3,20,Audio,2025-09-10
3528,210,Webcam Logitech,85.34,1,5,Peripherique,2025-09-11
3529,209,Disque SSD 1TB,118.58,3,5,Stockage,2026-02-26
3530,214,Tapis de souris XL,25.0,2,5,Accessoire,2025-09-19
3531,205,Clavier Logitech,98.73,4,5,Peripherique,2025-07-29
3532,200,Smartphone Samsung,548.38,5,0,Mobile,2026-03-28
3533,214,Tapis de souris XL,24.47,5,15,Accessoire,2025-08-16
3534,212,Chargeur USB-C,28.42,3,0,Accessoire,2025-08-09
3535,213,Hub USB,46.92,2,0,Accessoire,2025-12-21
3536,212,Chargeur USB-C,31.17,4,0,Accessoire,2025-07-02
3537,210,Webcam Logitech,83.47,5,5,Peripherique,2025-11-01
3538,210,Webcam Logitech,87.8,3,10,Peripherique,2025-05-14
3539,202,Ecouteurs Sony,140.98,1,0,Audio,2026-03-08
3540,212,Chargeur USB-C,30.24,4,25,Accessoire,2025-04-21
3541,206,Souris Razer,56.03,5,20,Peripherique,2025-10-26
3542,206,Souris Razer,61.07,1,5,Peripherique,2025-07-18
3543,213,Hub USB,49.45,2,15,Accessoire,2025-11-11
3544,213,Hub USB,51.01,4,15,Accessoire,2026-04-29
3545,209,Disque SSD 1TB,113.78,5,0,Stockage,2025-06-28
3546,202,Ecouteurs Sony,140.7,2,20,Audio,2026-02-23
3547,208,Imprimante HP,217.78,3,15,Informatique,2025-08-13
3548,208,Imprimante HP,199.07,5,20,Informatique,2026-01-02
3549,209,Disque SSD 1TB,116.14,1,0,Stockage,2026-04-15
3550,200,Smartphone Samsung,635.68,4,5,Mobile,2025-07-23
3551,212,Chargeur USB-C,31.61,1,5,Accessoire,2025-08-01
3552,201,Laptop Dell,1171.71,5,5,Informatique,2025-07-27
3553,209,Disque SSD 1TB,116.44,1,20,Stockage,2025-09-14
3554,203,Tablette iPad,762.71,1,25,Mobile,2025-12-13
3555,211,Casque Bose,303.48,2,5,Audio,2025-11-17
3556,205,Clavier Logitech,90.8,4,10,Peripherique,2025-12-29
3557,205,Clavier Logitech,98.9,2,5,Peripherique,2025-06-06
3558,204,Montre Apple Watch,418.82,3,10,Wearable,2026-01-24
3559,205,Clavier Logitech,89.55,3,0,Peripherique,2025-06-11
3560,209,Disque SSD 1TB,113.08,4,10,Stockage,2025-11-19
